Site,X,Y,Julian Days,%OM,P,K,CA,MG,ZN,NA,S,PH,Canopy,Elevation (m),Sand,Clay,Silt,Dung,Lichen,Litter,Moss,Road,Rock,Root,Soil,Stream,Trampling,Trash,Water ,Wood,Wrack,Crustacean ,Density,BA,Simpson's D,Acer rubrum,Acer saccharinum,Asimina triloba,Carpinus caroliniana,Carya carolinae-septentrionalis,Carya glabra,Carya ovata,Carya pallida,Carya sp,Carya tomentosa ,Cercis canadensis,Cornus florida,Fagus grandifolia,Fraxinus americana,Fraxinus pennsylvanica,Fraxinus sp,Hamamelis virginiana,Ilex decidua ,Liquidambar styraciflua ,Liriodendron tulipfera,Magnolia sp,Morus rubra,Nyssa sylvatica,Pinus taeda,Platanus occidentalis,Prunus americana,Prunus serotina,Quercus alba,Quercus coccinea,Quercus falcata,Quercus lyrata,Quercus marilandica,Quercus nigra,Quercus pagoda,Quercus phellos,Quercus stellata,Quercus velutina,Taxodium distichum,Ulmus alata,Ulmus americana,Ulmus rubra,Ulmus sp,WATER 20,WATER 150,WATER 500,Transportation,GRASS,MIXFOR,DEVOP,DECID,WETE,PAST,OPENH20,EVRGRN,SHRSCR,BARREN,DEVLO,WETW,CROP,DEVMED,DEVHI,FIRE,FLOOD,UNDIST,SOIL,STORM,VEGMOW,HIGH,LOW,MED,NONE,USFS,USFWS,MDWFP,PVT
64,13,13,2453976.50,2.37,45,64,271,66,0.9,62,341,4.9,95.75,148,0.74,0.10,0.16,0.0,0.0,96.7,0.0,0.0,0.0,0.0,0.0,0.0,0.0,0.0,0.0,3.3,0.0,0.0,798,15,0.3,0.0,0.0,0.0,0.0,0.0,0.0,0.0,0.0,0.0,0.4,0.0,0.0,0.0,0.0,0.0,0.0,0.0,0.0,1.6,0.0,0.0,0.0,0.0,0.0,0.0,0.0,0.0,0.0,0.0,0.0,0.0,0.0,0.0,0.0,0.0,0.0,0.0,0.0,0.0,0.0,0.0,0.0,0,0,0,60,649,247,134,0,1194,661,2724,339,234,5090,2279,1020,1092,4310,8897,0.00,0.00,1.00,0.00,0.00,0.00,0.00,0.00,0.00,1.00,1.00,0.00,0.00,0.00
65,22,10,2453976.50,3.09,33,324,1254,990,4.3,70,445,5,91.25,152,0.61,0.32,0.08,0.0,0.0,90.0,0.0,0.0,0.0,0.0,0.0,0.0,0.0,0.0,0.0,10.0,0.0,0.0,246,29,0.0,0.0,0.0,0.0,0.0,0.0,0.0,0.0,0.0,0.0,0.0,0.0,0.0,0.0,0.0,0.0,0.0,0.0,0.0,0.0,0.0,0.0,0.0,0.0,0.0,0.0,0.0,0.0,2.0,0.0,0.0,0.0,0.0,0.0,0.0,0.0,0.0,0.0,0.0,0.0,0.0,0.0,0.0,0,0,0,195,592,150,180,0,2072,1945,2242,170,60,3361,2001,1176,2394,3773,9534,0.00,0.00,0.00,0.00,0.00,1.00,0.00,0.00,1.00,0.00,1.00,0.00,0.00,0.00
123,24,20,2453895.50,2.6,57,189,1951,819,4.7,98,374,4.9,85.5,76,0.54,0.29,0.17,0.0,0.0,93.3,0.0,0.0,0.0,3.3,3.3,0.0,0.0,0.0,0.0,0.0,0.0,0.0,368,10,0.0,0.0,0.0,0.0,0.0,0.0,0.0,0.0,0.0,0.0,0.0,0.0,0.0,0.0,0.0,0.0,0.0,0.0,0.0,0.0,0.0,0.0,0.0,0.0,2.0,0.0,0.0,0.0,0.0,0.0,0.0,0.0,0.0,0.0,0.0,0.0,0.0,0.0,0.0,0.0,0.0,0.0,0.0,5,5,5,660,977,342,636,360,0,741,750,301,631,3520,751,60,808,1740,13382,0.00,0.00,1.00,0.00,0.00,0.00,0.00,0.00,0.00,1.00,0.00,1.00,0.00,0.00
161,20,14,2453978.50,2.95,40,296,2059,1430,10.8,100,425,5,93,119,0.42,0.36,0.21,0.0,0.0,100.0,0.0,0.0,0.0,0.0,0.0,0.0,0.0,0.0,0.0,0.0,0.0,0.0,1535,32,0.3,0.0,0.0,0.0,0.0,0.0,0.0,0.0,0.0,0.0,0.0,0.0,0.0,0.0,0.0,0.0,0.0,0.0,0.0,0.3,0.0,0.0,0.0,0.0,1.6,0.0,0.1,0.0,0.0,0.0,0.0,0.0,0.0,0.0,0.0,0.0,0.0,0.0,0.0,0.0,0.0,0.0,0.0,0,0,0,400,771,247,390,256,769,420,589,0,488,3856,418,342,892,1905,10881,0.00,0.00,1.00,0.00,0.00,0.00,0.00,0.00,0.00,1.00,1.00,0.00,0.00,0.00
162,19,11,2453976.50,2.45,21,234,1442,709,2.6,86,353,5.2,82,140,0.50,0.29,0.21,0.0,0.0,73.3,0.0,0.0,0.0,6.7,6.7,0.0,0.0,0.0,0.0,13.3,0.0,0.0,1228,25,0.2,0.0,0.0,0.0,0.0,0.0,0.0,0.0,0.0,0.0,0.0,0.0,0.0,0.0,0.0,0.0,0.0,0.0,0.0,0.3,0.0,0.0,0.0,0.0,1.7,0.0,0.0,0.0,0.0,0.0,0.0,0.0,0.0,0.0,0.0,0.0,0.0,0.0,0.0,0.0,0.0,0.0,0.0,0,0,5,215,0,192,240,175,660,752,3282,90,700,3030,1167,277,1550,1194,7755,1.00,0.00,0.00,0.00,0.00,0.00,1.00,0.00,0.00,0.00,1.00,0.00,0.00,0.00
201,23,22,2453979.50,1.34,16,41,225,45,1.4,76,193,5,18,86,0.64,0.11,0.25,0.0,0.0,96.7,0.0,0.0,0.0,0.0,0.0,0.0,0.0,0.0,0.0,3.3,0.0,0.0,0,0,0.0,0.0,0.0,0.0,0.0,0.0,0.0,0.0,0.0,0.0,0.0,0.0,0.0,0.0,0.0,0.0,0.0,0.0,0.0,0.0,0.0,0.0,0.0,0.0,0.0,0.0,0.0,0.0,0.0,0.0,0.0,0.0,0.0,0.0,0.0,0.0,0.0,0.0,0.0,0.0,0.0,0.0,0.0,0,0,0,300,124,90,331,150,691,402,830,0,272,5432,361,182,600,2330,11705,0.00,0.00,0.00,0.00,0.00,1.00,1.00,0.00,0.00,0.00,0.00,0.00,1.00,0.00
202,34,12,2453892.50,1.83,19,116,263,268,3.6,89,264,4.4,91.25,78,0.39,0.30,0.31,0.0,0.0,93.3,0.0,0.0,0.0,3.3,3.3,0.0,0.0,0.0,0.0,6.7,0.0,0.3,123,24,0.4,0.0,0.0,0.0,0.0,0.0,0.0,0.0,0.0,0.0,0.0,0.0,0.0,0.0,0.0,0.0,0.0,0.0,0.0,0.0,0.0,0.0,0.0,0.0,0.7,0.0,0.0,0.0,0.0,0.0,1.3,0.0,0.0,0.0,0.0,0.0,0.0,0.0,0.0,0.0,0.0,0.0,0.0,0,0,0,315,912,0,553,366,1510,900,1822,90,488,7262,3268,95,721,9301,17142,0.00,0.00,1.00,0.00,0.00,0.00,0.00,0.00,0.00,1.00,0.00,1.00,0.00,0.00
414,24,20,2453895.50,1.7,54,106,669,524,7.8,108,245,4.8,90.75,86,0.56,0.25,0.19,0.0,0.0,70.0,0.0,0.0,0.0,0.0,20.0,0.0,0.0,0.0,0.0,10.0,0.0,0.0,307,25,0.7,0.2,0.0,0.0,0.0,0.0,0.0,0.0,0.0,0.0,0.0,0.0,0.0,0.0,0.0,0.0,0.2,0.0,0.2,0.0,0.0,0.0,0.0,0.0,0.0,0.0,0.0,0.0,0.0,0.0,0.0,0.0,0.0,0.7,0.0,0.6,0.0,0.0,0.0,0.0,0.0,0.0,0.0,0,10,5,570,759,481,541,510,192,660,1106,721,636,3939,824,0,751,1790,12980,0.00,1.00,0.00,0.00,0.00,0.00,0.00,1.00,0.00,0.00,0.00,1.00,0.00,0.00
415,34,18,2453895.50,1.65,89,178,1034,697,10.7,154,238,4.3,93.25,84.8,0.31,0.40,0.28,0.0,0.0,50.0,0.0,0.0,0.0,3.3,33.3,0.0,0.0,0.0,0.0,6.7,0.0,0.0,184,30,0.4,0.0,0.0,0.0,0.0,0.0,0.0,0.0,0.0,0.0,0.0,0.0,0.0,0.0,0.0,0.4,0.0,0.0,0.0,0.0,0.0,0.0,0.0,0.0,0.0,0.0,0.0,0.0,0.0,0.0,0.0,0.0,0.0,0.0,1.3,0.0,0.0,0.0,0.0,0.0,0.4,0.0,0.0,0,10,5,295,277,451,630,272,362,968,379,547,1084,9881,2123,0,451,5350,12131,0.00,0.00,0.00,0.00,1.00,0.00,0.00,0.00,1.00,0.00,0.00,1.00,0.00,0.00
416,30,18,2453895.50,2.58,114,215,1720,777,14.4,134,372,4.5,90.25,60.9,0.42,0.30,0.28,0.0,0.0,60.0,0.0,0.0,0.0,0.0,26.7,0.0,0.0,0.0,0.0,13.3,0.0,0.0,184,3,0.7,0.0,0.0,0.0,0.0,0.0,0.0,0.5,0.0,0.0,0.0,0.0,0.0,0.0,0.0,0.0,0.0,0.0,0.0,0.7,0.0,0.0,0.0,0.0,0.0,0.0,0.0,0.0,0.0,0.0,0.0,0.0,0.0,0.0,0.0,0.0,0.0,0.0,0.0,0.0,0.0,0.8,0.0,0,0,5,1080,1924,594,886,700,1354,2809,2337,866,1537,6224,4763,0,3180,7590,12930,0.00,0.00,0.00,0.00,1.00,0.00,0.00,1.00,0.00,0.00,0.00,1.00,0.00,0.00
1008,1,9,2454649.50,5.04,128,405,2754,2093,11.3,115,726,5.1,95.25,190,0.67,0.08,0.25,0.0,0.0,90.0,0.0,0.0,0.0,0.0,10.0,0.0,0.0,0.0,0.0,0.0,0.0,0.0,307,10,0.8,0.0,0.0,0.0,0.0,0.0,0.0,0.0,0.0,0.0,0.0,0.3,0.0,0.0,0.0,0.0,0.0,0.0,0.0,0.6,0.4,0.4,0.0,0.0,0.0,0.0,0.0,0.0,0.0,0.0,0.0,0.0,0.0,0.0,0.0,0.0,0.0,0.0,0.0,0.0,0.0,0.3,0.0,0,0,0,525,983,153,518,0,2831,1112,1798,216,95,7032,1655,361,1987,2644,7353,0.00,0.00,1.00,0.00,0.00,0.00,0.00,0.00,0.00,1.00,0.00,0.00,1.00,0.00
1041,17,12,2454260.50,0.83,5,108,733,597,1.3,73,120,5.1,23.75,109.3,0.49,0.25,0.26,0.0,0.0,100.0,0.0,0.0,0.0,0.0,0.0,0.0,0.0,0.0,0.0,0.0,0.0,0.0,0,0,0.0,0.0,0.0,0.0,0.0,0.0,0.0,0.0,0.0,0.0,0.0,0.0,0.0,0.0,0.0,0.0,0.0,0.0,0.0,0.0,0.0,0.0,0.0,0.0,0.0,0.0,0.0,0.0,0.0,0.0,0.0,0.0,0.0,0.0,0.0,0.0,0.0,0.0,0.0,0.0,0.0,0.0,0.0,0,0,0,55,767,0,30,242,849,702,3077,30,85,3913,124,85,841,366,8040,0.00,0.00,1.00,0.00,0.00,0.00,0.00,0.00,0.00,1.00,1.00,0.00,0.00,0.00
1082,20,9,2454613.50,3.35,63,367,1884,1140,6.5,100,482,5,94,0,0.66,0.11,0.23,0.0,0.0,60.0,3.3,0.0,0.0,0.0,0.0,0.0,0.0,0.0,0.0,3.3,0.0,0.0,0,0,0.0,0.0,0.0,0.0,0.0,0.0,0.0,0.0,0.0,0.0,0.0,0.0,0.0,0.0,0.0,0.0,0.0,0.0,0.0,0.0,0.0,0.0,0.0,0.0,0.0,0.0,0.0,0.0,0.0,0.0,0.0,0.0,0.0,0.0,0.0,0.0,0.0,0.0,0.0,0.0,0.0,0.0,0.0,0,0,0,480,201,67,510,0,1535,830,1566,150,484,1140,698,793,2929,3120,6565,0.00,0.00,1.00,0.00,0.00,0.00,0.00,0.00,0.00,1.00,1.00,0.00,0.00,0.00
1141,8,7,2454260.50,2.03,20,154,919,577,3.2,66,292,4.7,94.25,140.3,0.55,0.16,0.29,0.0,0.0,96.7,0.0,0.0,0.0,0.0,3.3,0.0,0.0,0.0,0.0,0.0,0.0,0.0,614,18,0.7,0.0,0.0,0.0,0.0,0.0,0.0,0.0,0.0,0.0,0.0,0.0,0.0,0.0,0.0,0.0,0.0,0.0,0.0,0.6,0.0,0.0,0.0,0.4,0.0,0.0,0.0,0.0,0.0,0.0,0.8,0.0,0.0,0.0,0.0,0.0,0.0,0.0,0.0,0.2,0.0,0.0,0.0,0,0,0,285,391,67,859,0,2919,875,2069,170,67,6427,1221,1261,4236,4543,5777,0.00,0.00,1.00,0.00,0.00,0.00,0.00,0.00,0.00,1.00,0.00,0.00,1.00,0.00
1159,16,16,2454260.50,4.51,45,491,3273,1604,9.9,80,649,5,97.25,129.5,0.37,0.30,0.33,0.0,0.0,90.0,3.3,0.0,0.0,3.3,3.3,0.0,0.0,0.0,0.0,0.0,0.0,0.0,307,14,0.6,0.0,0.0,0.0,0.0,0.0,0.0,0.0,0.0,0.0,0.0,0.0,0.0,0.0,0.0,0.0,0.0,0.0,0.0,0.8,0.0,0.0,0.0,0.0,0.0,0.0,0.0,0.0,0.0,0.0,0.3,0.0,0.0,0.9,0.0,0.0,0.0,0.0,0.0,0.0,0.0,0.0,0.0,0,0,10,65,1006,124,42,42,541,0,182,182,30,3615,309,175,742,4447,8946,0.00,0.00,1.00,0.00,0.00,0.00,0.00,0.00,0.00,1.00,1.00,0.00,0.00,0.00
1268,2,19,2454649.50,1.39,82,132,773,270,2.7,102,200,5.4,70,143.5,0.62,0.09,0.29,0.0,0.0,83.3,0.0,0.0,0.0,0.0,6.7,0.0,0.0,0.0,0.0,10.0,0.0,0.0,307,17,0.0,0.0,0.0,0.0,0.0,0.0,0.0,0.0,0.0,0.0,0.0,0.0,0.0,0.0,0.0,0.0,0.0,0.0,0.0,2.0,0.0,0.0,0.0,0.0,0.0,0.0,0.0,0.0,0.0,0.0,0.0,0.0,0.0,0.0,0.0,0.0,0.0,0.0,0.0,0.0,0.0,0.0,0.0,0,0,0,200,360,0,510,30,454,90,1865,60,85,5740,859,162,212,1262,4307,0.00,0.00,0.00,1.00,0.00,0.00,0.00,1.00,0.00,0.00,0.00,0.00,1.00,0.00
1321,9,10,2454260.50,2.59,13,96,594,144,1.6,72,373,5.2,0.5,128,0.44,0.18,0.38,0.0,0.0,76.7,0.0,0.0,0.0,0.0,23.3,0.0,0.0,0.0,0.0,0.0,0.0,0.0,0,0,0.0,0.0,0.0,0.0,0.0,0.0,0.0,0.0,0.0,0.0,0.0,0.0,0.0,0.0,0.0,0.0,0.0,0.0,0.0,0.0,0.0,0.0,0.0,0.0,0.0,0.0,0.0,0.0,0.0,0.0,0.0,0.0,0.0,0.0,0.0,0.0,0.0,0.0,0.0,0.0,0.0,0.0,0.0,0,0,0,120,1292,192,150,0,1279,42,1350,90,30,8360,537,218,815,7315,7836,0.00,0.00,1.00,0.00,0.00,0.00,0.00,0.00,0.00,1.00,1.00,0.00,0.00,0.00
1341,16,7,2454260.50,0.36,7,69,556,231,1.5,58,52,6.2,97.5,138.2,0.75,0.10,0.15,0.0,0.0,73.3,0.0,0.0,0.0,0.0,0.0,10.0,0.0,0.0,0.0,16.7,0.0,0.0,491,11,0.6,0.0,0.0,0.0,0.6,0.0,0.0,0.0,0.0,0.0,0.0,0.0,0.0,0.0,0.0,0.0,0.0,0.0,0.0,0.5,0.9,0.0,0.0,0.0,0.0,0.0,0.0,0.0,0.0,0.0,0.0,0.0,0.0,0.0,0.0,0.0,0.0,0.0,0.0,0.0,0.0,0.0,0.0,0,0,15,40,162,30,150,0,1209,210,150,42,42,2296,268,424,1230,3229,3296,0.00,0.00,1.00,0.00,0.00,0.00,0.00,0.00,0.00,1.00,1.00,0.00,0.00,0.00
1363,15,4,2454613.50,1.93,15,216,413,369,1.1,180,278,4.7,80.75,0,0.57,0.11,0.33,0.0,0.0,96.7,0.0,0.0,0.0,3.3,0.0,0.0,0.0,0.0,0.0,0.0,0.0,0.0,1535,40,0.1,0.0,0.0,0.0,0.0,0.0,0.0,0.0,0.0,0.0,0.0,0.0,0.0,0.0,0.0,0.0,0.0,0.0,0.0,0.1,0.0,0.0,0.0,0.0,1.9,0.0,0.0,0.0,0.0,0.0,0.0,0.0,0.0,0.0,0.0,0.0,0.0,0.0,0.0,0.0,0.0,0.0,0.0,0,0,0,470,1889,42,424,150,1302,841,1595,0,488,2763,446,408,2524,987,1036,0.00,0.00,1.00,0.00,0.00,0.00,0.00,0.00,0.00,1.00,1.00,0.00,0.00,0.00
1365,4,14,2454610.50,1.51,37,114,645,103,1.1,59,217,5,88.75,159,0.58,0.08,0.34,0.0,0.0,86.7,0.0,0.0,0.0,0.0,10.0,0.0,0.0,0.0,0.0,3.3,0.0,0.0,430,7,0.7,0.0,0.0,0.0,0.0,0.5,0.0,0.0,0.0,0.0,0.0,0.0,0.9,0.0,0.0,0.0,0.0,0.0,0.0,0.0,0.0,0.0,0.0,0.0,0.0,0.0,0.0,0.0,0.0,0.0,0.0,0.0,0.0,0.0,0.0,0.0,0.0,0.0,0.0,0.6,0.0,0.0,0.0,0,0,0,25,1064,67,124,0,2522,1965,2493,30,42,6396,2827,480,4264,4756,6804,0.00,0.00,0.00,0.00,0.00,1.00,0.00,0.00,1.00,0.00,0.00,0.00,1.00,0.00
1412,1,13,2454256.50,2.54,50,152,1190,332,2.2,67,366,5.2,95.25,152.2,0.58,0.12,0.30,0.0,0.0,100.0,0.0,0.0,0.0,0.0,0.0,0.0,0.0,0.0,0.0,0.0,0.0,0.0,307,65,0.0,0.0,0.0,0.0,0.0,0.0,0.0,0.0,0.0,0.0,0.0,0.0,0.0,0.0,0.0,0.0,0.0,0.0,0.0,0.0,0.0,0.0,0.0,0.0,2.0,0.0,0.0,0.0,0.0,0.0,0.0,0.0,0.0,0.0,0.0,0.0,0.0,0.0,0.0,0.0,0.0,0.0,0.0,0,10,25,105,1075,67,85,95,888,908,120,0,847,3545,153,134,2093,2110,3944,0.00,0.00,1.00,0.00,0.00,0.00,0.00,0.00,0.00,1.00,0.00,0.00,1.00,0.00
1457,2,18,2454610.50,1.86,22,163,2301,990,5,69,268,5.4,97.5,135,0.48,0.24,0.28,0.0,0.0,56.7,0.0,0.0,0.0,0.0,10.0,23.3,0.0,0.0,0.0,10.0,0.0,0.0,1412,26,0.0,0.0,0.0,0.0,0.0,0.0,0.0,0.0,0.0,0.0,0.0,0.0,0.0,0.0,0.0,0.0,0.0,0.0,0.0,0.0,0.0,0.0,0.0,0.0,2.0,0.0,0.0,0.0,0.0,0.0,0.0,0.0,0.0,0.0,0.0,0.0,0.0,0.0,0.0,0.0,0.0,0.0,0.0,0,0,0,290,323,127,969,42,1608,175,2666,277,0,4924,1679,391,1440,1844,4024,0.00,0.00,1.00,0.00,0.00,0.00,0.00,0.00,0.00,1.00,1.00,0.00,0.00,0.00
1487,3,13,2454610.50,1.73,10,142,1693,224,1.1,55,249,6.2,90.75,164,0.66,0.10,0.24,0.0,0.0,86.7,0.0,0.0,0.0,13.3,0.0,0.0,0.0,0.0,0.0,0.0,0.0,0.0,1658,47,0.1,0.0,0.0,0.0,0.0,0.0,0.0,0.0,0.0,0.0,0.0,0.0,0.0,0.0,0.0,0.0,0.0,0.0,0.0,0.1,0.0,0.0,0.0,0.0,1.9,0.0,0.0,0.0,0.0,0.0,0.0,0.0,0.0,0.0,0.0,0.0,0.0,0.0,0.0,0.0,0.0,0.0,0.0,0,0,0,40,1159,60,379,124,1862,1350,1883,0,240,5755,2343,272,4331,4500,6162,0.00,0.00,1.00,0.00,0.00,0.00,0.00,0.00,0.00,1.00,0.00,0.00,1.00,0.00
1531,3,15,2454610.50,3.38,32,194,3851,984,5.5,111,487,5.9,89.25,164,0.70,0.17,0.14,0.0,0.0,76.7,0.0,0.0,0.0,16.7,3.3,0.0,0.0,0.0,0.0,3.3,0.0,0.0,553,48,0.5,0.0,0.0,0.0,0.0,0.0,0.0,0.0,0.0,0.0,0.0,0.0,0.0,0.0,0.2,0.0,0.0,0.0,0.0,0.0,0.0,0.0,0.0,0.0,1.3,0.0,0.0,0.0,0.4,0.0,0.2,0.0,0.0,0.0,0.0,0.0,0.0,0.0,0.0,0.0,0.0,0.0,0.0,0,0,0,25,1570,182,85,0,2684,966,1907,90,402,4801,1426,660,3279,2694,4938,1.00,0.00,0.00,0.00,0.00,0.00,0.00,0.00,1.00,0.00,0.00,0.00,1.00,0.00
1539,10,5,2454613.50,1.66,52,96,887,331,14.3,94,239,4.2,0,0,0.61,0.10,0.29,0.0,0.0,100.0,0.0,0.0,0.0,0.0,0.0,0.0,0.0,0.0,0.0,0.0,0.0,0.0,0,0,0.0,0.0,0.0,0.0,0.0,0.0,0.0,0.0,0.0,0.0,0.0,0.0,0.0,0.0,0.0,0.0,0.0,0.0,0.0,0.0,0.0,0.0,0.0,0.0,0.0,0.0,0.0,0.0,0.0,0.0,0.0,0.0,0.0,0.0,0.0,0.0,0.0,0.0,0.0,0.0,0.0,0.0,0.0,15,5,0,245,210,30,513,0,859,553,1861,67,474,3763,570,134,2741,2698,3516,0.00,1.00,0.00,0.00,0.00,0.00,0.00,0.00,1.00,0.00,0.00,0.00,1.00,0.00
1550,19,14,2454260.50,2.98,25,316,3052,1954,6.9,111,429,5,47.5,120.4,0.44,0.28,0.28,0.0,0.0,93.3,0.0,0.0,0.0,0.0,0.0,0.0,0.0,0.0,0.0,6.7,0.0,0.0,368,59,0.1,0.0,0.0,0.0,0.0,0.0,0.0,0.0,0.0,0.0,0.0,0.0,0.0,0.0,0.0,0.0,0.0,0.0,0.0,0.0,0.0,0.0,0.0,0.0,1.8,0.0,0.0,0.0,0.0,0.0,0.0,0.0,0.0,0.0,0.0,0.0,0.0,0.0,0.0,0.2,0.0,0.0,0.0,0,0,0,80,767,30,85,42,1318,781,607,0,540,4508,150,153,551,2643,10671,0.00,0.00,1.00,0.00,0.00,0.00,0.00,0.00,0.00,1.00,1.00,0.00,0.00,0.00
2001,28,20,2454259.50,1.52,26,81,127,63,1.2,66,219,4.8,92.75,96,0.76,0.08,0.16,0.0,0.0,90.0,0.0,0.0,0.0,0.0,10.0,0.0,0.0,0.0,0.0,0.0,0.0,0.0,368,52,0.4,0.0,0.0,0.0,0.0,0.0,0.0,0.0,0.0,0.0,0.0,0.0,0.0,0.0,0.0,0.0,0.0,0.0,0.0,0.0,0.0,0.0,0.0,0.3,1.5,0.0,0.0,0.0,0.0,0.0,0.0,0.0,0.0,0.0,0.0,0.0,0.0,0.0,0.0,0.2,0.0,0.0,0.0,0,0,0,330,741,258,330,379,2079,2287,2300,0,451,5304,2864,60,3101,5372,11870,1.00,0.00,0.00,0.00,0.00,0.00,0.00,0.00,1.00,0.00,0.00,1.00,0.00,0.00
2020,32,18,2454258.50,1.02,44,110,586,476,3.3,68,147,4.5,98,81,0.41,0.18,0.41,0.0,0.0,90.0,0.0,0.0,0.0,0.0,3.3,0.0,0.0,0.0,0.0,6.7,0.0,0.0,553,21,0.6,0.0,0.0,0.0,0.0,0.0,0.5,0.0,0.0,0.0,0.0,0.0,0.0,0.1,0.0,0.0,0.0,0.0,0.0,1.2,0.0,0.0,0.0,0.2,0.0,0.0,0.0,0.0,0.0,0.0,0.0,0.0,0.0,0.0,0.0,0.0,0.0,0.0,0.0,0.0,0.0,0.0,0.0,0,0,0,330,1822,870,1776,920,987,1771,890,977,1951,7692,3132,0,1998,7371,12961,0.00,0.00,0.00,0.00,1.00,0.00,0.00,0.00,1.00,0.00,0.00,1.00,0.00,0.00
2023,32,10,2454238.50,4.1,35,278,3126,799,5.1,73,590,5.2,95,110,0.70,0.15,0.15,0.0,0.0,100.0,0.0,0.0,0.0,0.0,0.0,0.0,0.0,0.0,0.0,0.0,0.0,0.0,430,26,0.7,0.0,0.0,0.0,0.0,0.0,0.0,0.0,0.0,0.0,0.0,0.0,0.0,0.0,0.0,0.0,0.0,0.0,0.0,0.9,0.0,0.0,0.0,0.0,0.4,0.0,0.0,0.0,0.0,0.0,0.0,0.0,0.0,0.3,0.0,0.0,0.0,0.0,0.0,0.4,0.0,0.0,0.0,0,0,0,50,1624,42,42,30,661,400,3852,30,680,5633,3770,0,1952,10573,17485,0.00,0.00,1.00,0.00,0.00,0.00,0.00,0.00,0.00,1.00,0.00,1.00,0.00,0.00
2028,32,11,2454238.50,2.11,21,163,566,427,3.5,94,304,4.2,88,106.8,0.46,0.23,0.31,0.0,0.0,58.3,0.0,0.0,0.0,41.7,0.0,0.0,0.0,0.0,0.0,0.0,0.0,0.0,123,39,0.0,0.0,0.0,0.0,0.0,0.0,0.0,0.0,0.0,0.0,0.0,0.0,0.0,0.0,0.0,0.0,0.0,0.0,0.0,0.0,0.0,0.0,0.0,0.0,0.0,0.0,0.0,0.0,0.0,0.0,0.0,0.0,0.0,0.0,0.0,0.0,2.0,0.0,0.0,0.0,0.0,0.0,0.0,0,0,0,22,1736,182,90,573,604,765,3218,30,531,5016,4244,0,2078,9733,17186,0.00,0.00,0.00,0.00,1.00,0.00,0.00,1.00,0.00,0.00,0.00,1.00,0.00,0.00
2035,22,24,2454256.50,3.24,27,234,3862,1266,3.2,94,467,5.2,83,102,0.38,0.28,0.34,0.0,0.0,73.3,0.0,0.0,0.0,16.7,6.7,0.0,0.0,0.0,0.0,3.3,0.0,0.0,123,31,0.0,0.0,0.0,0.0,0.0,0.0,0.0,0.0,0.0,0.0,0.0,0.0,0.0,0.0,0.0,0.0,0.0,0.0,0.0,0.0,0.0,0.0,0.0,0.0,2.0,0.0,0.0,0.0,0.0,0.0,0.0,0.0,0.0,0.0,0.0,0.0,0.0,0.0,0.0,0.0,0.0,0.0,0.0,0,0,0,225,1959,67,268,234,933,366,955,0,569,8002,977,30,446,4422,9922,1.00,0.00,0.00,0.00,0.00,0.00,1.00,0.00,0.00,0.00,0.00,1.00,0.00,0.00
2041,33,16,2454262.50,1.86,13,85,581,198,1.9,70,268,4.9,96.75,97.9,0.48,0.14,0.38,0.0,0.0,100.0,0.0,0.0,0.0,0.0,0.0,0.0,0.0,0.0,0.0,0.0,0.0,0.0,307,25,0.5,0.0,0.0,0.0,0.0,0.0,0.0,0.0,0.0,0.0,0.0,0.0,0.0,0.0,0.0,0.0,0.0,0.0,0.0,0.0,0.0,0.0,0.0,0.0,1.3,0.0,0.0,0.0,0.0,0.0,0.0,0.0,0.0,0.2,0.5,0.0,0.0,0.0,0.0,0.0,0.0,0.0,0.0,0,0,0,80,912,162,67,750,1189,1200,1909,524,1263,8424,2618,0,1129,9462,16093,0.00,0.00,1.00,0.00,0.00,0.00,0.00,0.00,0.00,1.00,0.00,1.00,0.00,0.00
2051,25,7,2454254.50,2.75,21,211,2159,854,4.4,69,396,5.2,78.75,144.2,0.48,0.18,0.34,0.0,0.0,96.7,0.0,0.0,0.0,0.0,3.3,0.0,0.0,0.0,0.0,0.0,0.0,0.0,430,29,0.6,0.0,0.0,0.0,0.0,0.0,0.0,0.0,0.0,0.0,0.0,0.0,0.0,0.0,0.0,0.0,0.0,0.0,0.0,1.0,0.0,0.0,0.0,0.2,0.7,0.0,0.0,0.0,0.0,0.0,0.0,0.0,0.0,0.0,0.0,0.0,0.0,0.0,0.0,0.0,0.0,0.0,0.0,0,0,0,245,1343,42,228,201,1465,1022,2335,0,400,3326,2192,210,2318,6998,9992,0.00,0.00,1.00,0.00,0.00,0.00,0.00,0.00,0.00,1.00,0.00,1.00,0.00,0.00
2052,28,7,2454238.50,3.44,55,382,2446,1605,7.1,150,495,4.6,92.5,118,0.68,0.17,0.15,0.0,0.0,86.7,0.0,0.0,0.0,0.0,0.0,0.0,0.0,0.0,0.0,13.3,0.0,0.0,307,10,0.5,0.0,0.0,0.0,0.0,0.0,0.0,0.8,0.0,0.0,0.0,0.0,0.0,0.0,0.0,0.0,0.0,0.0,0.0,0.0,0.0,0.0,0.0,0.0,0.0,0.0,0.0,0.0,0.0,0.0,0.0,0.0,0.0,0.0,0.0,0.0,0.0,0.0,0.0,1.2,0.0,0.0,0.0,0,0,0,195,1003,30,190,0,636,488,1140,60,362,4135,607,134,1106,8953,13074,0.00,0.00,0.00,0.00,0.00,1.00,0.00,1.00,0.00,0.00,0.00,1.00,0.00,0.00
2061,32,8,2454238.50,4.24,50,228,3200,1109,7.5,123,611,4.8,46.25,116,0.47,0.25,0.28,0.0,0.0,93.3,0.0,0.0,0.0,0.0,0.0,0.0,0.0,0.0,0.0,6.7,0.0,0.0,430,39,0.5,0.0,0.0,0.0,0.0,0.0,0.0,0.0,0.3,0.0,0.0,0.0,0.0,0.0,0.0,0.0,0.0,0.0,0.0,0.0,0.0,0.0,0.0,0.0,1.3,0.0,0.0,0.0,0.0,0.0,0.0,0.0,0.0,0.0,0.0,0.0,0.4,0.0,0.0,0.0,0.0,0.0,0.0,0,0,0,265,607,234,295,480,560,1616,2746,0,1291,5799,2232,391,2496,11146,16779,1.00,0.00,0.00,0.00,0.00,0.00,0.00,1.00,0.00,0.00,0.00,1.00,0.00,0.00
2063,31,19,2453890.50,1.7,73,149,1033,572,6.8,81,245,4.5,98,90,0.26,0.22,0.52,0.0,0.0,63.3,13.3,0.0,0.0,0.0,20.0,0.0,0.0,0.0,0.0,3.3,0.0,0.0,246,4,0.0,0.0,0.0,0.0,2.0,0.0,0.0,0.0,0.0,0.0,0.0,0.0,0.0,0.0,0.0,0.0,0.0,0.0,0.0,0.0,0.0,0.0,0.0,0.0,0.0,0.0,0.0,0.0,0.0,0.0,0.0,0.0,0.0,0.0,0.0,0.0,0.0,0.0,0.0,0.0,0.0,0.0,0.0,0,0,0,400,1812,30,871,0,1621,2271,2190,85,1003,7210,3813,42,2308,7248,11868,0.00,0.00,0.00,0.00,1.00,0.00,0.00,0.00,1.00,0.00,0.00,1.00,0.00,0.00
2068,30,14,2454258.50,2.23,25,205,1277,778,4.8,93,321,4.7,97.25,98,0.46,0.26,0.28,0.0,0.0,96.7,0.0,0.0,0.0,0.0,3.3,0.0,0.0,0.0,0.0,0.0,0.0,0.0,307,12,0.8,0.0,0.0,0.0,0.0,0.0,0.0,0.6,0.0,0.0,0.0,0.0,0.0,0.0,0.0,0.3,0.0,0.0,0.0,0.0,0.0,0.0,0.0,0.0,0.6,0.0,0.0,0.0,0.3,0.0,0.0,0.0,0.0,0.0,0.0,0.0,0.0,0.0,0.0,0.3,0.0,0.0,0.0,0,0,0,310,700,0,301,108,1338,981,1652,95,120,4689,5130,42,1533,7454,16862,0.00,0.00,1.00,0.00,0.00,0.00,0.00,0.00,0.00,1.00,0.00,1.00,0.00,0.00
2082,30,7,2454634.50,2.89,87,279,2007,1147,6.9,148,416,4.8,88.75,116.3,0.50,0.15,0.35,0.0,0.0,86.7,3.3,0.0,0.0,0.0,0.0,0.0,0.0,0.0,0.0,10.0,0.0,0.0,184,25,0.4,0.0,0.0,0.0,0.0,0.0,0.0,0.0,0.0,0.0,0.0,0.0,0.0,0.0,0.0,0.0,0.0,0.0,0.0,0.6,0.0,0.0,0.0,0.0,0.0,0.0,0.0,0.0,0.0,0.0,0.0,0.0,0.0,0.0,0.0,1.4,0.0,0.0,0.0,0.0,0.0,0.0,0.0,0,0,0,260,1652,0,242,67,120,283,350,30,210,4646,258,42,120,10205,14438,0.00,0.00,1.00,0.00,0.00,0.00,0.00,0.00,0.00,1.00,0.00,1.00,0.00,0.00
2087,33,16,2454262.50,1.59,28,84,363,215,2,73,229,4.9,93.5,96.5,0.48,0.12,0.40,0.0,0.0,100.0,0.0,0.0,0.0,0.0,0.0,0.0,0.0,0.0,0.0,0.0,0.0,0.0,368,35,0.8,0.2,0.0,0.0,0.0,0.0,0.0,0.0,0.0,0.0,0.0,0.0,0.0,0.0,0.0,0.0,0.0,0.0,0.0,0.2,0.0,0.0,0.0,0.2,0.9,0.0,0.0,0.0,0.0,0.0,0.0,0.0,0.0,0.3,0.0,0.3,0.0,0.0,0.0,0.0,0.0,0.0,0.0,0,0,0,65,342,95,42,711,618,301,849,42,830,7418,2421,0,972,8494,15494,0.00,0.00,1.00,0.00,0.00,0.00,0.00,0.00,0.00,1.00,0.00,1.00,0.00,0.00
2088,27,6,2454655.50,4.82,90,229,1964,633,8.7,103,694,5,86.25,146.4,0.70,0.07,0.23,0.0,0.0,76.7,0.0,0.0,0.0,3.3,20.0,0.0,0.0,0.0,0.0,0.0,0.0,0.0,737,109,0.7,0.0,0.0,0.0,0.0,0.0,0.0,0.0,0.0,0.0,0.0,0.0,0.0,0.0,0.0,0.0,0.0,0.0,0.0,0.8,0.0,0.0,0.0,0.0,0.7,0.0,0.0,0.0,0.0,0.0,0.5,0.0,0.0,0.0,0.0,0.0,0.0,0.0,0.0,0.0,0.0,0.0,0.0,0,0,0,485,759,30,510,0,603,446,1055,60,108,3778,524,127,1019,7933,11849,1.00,0.00,0.00,0.00,0.00,0.00,0.00,0.00,1.00,0.00,0.00,1.00,0.00,0.00
2090,31,20,2454259.50,1.76,32,153,1012,813,3.8,81,253,4.6,99.5,87,0.56,0.16,0.28,0.0,0.0,93.3,0.0,0.0,0.0,0.0,0.0,0.0,0.0,0.0,0.0,6.7,0.0,0.0,491,14,0.6,0.0,0.0,0.0,0.0,0.0,0.0,0.0,0.0,0.0,0.0,0.0,0.0,0.0,0.0,0.0,0.0,0.0,0.0,1.1,0.0,0.0,0.0,0.2,0.7,0.0,0.0,0.0,0.0,0.0,0.0,0.0,0.0,0.0,0.0,0.0,0.0,0.0,0.0,0.0,0.0,0.0,0.0,0,0,0,300,1965,0,256,404,774,1224,1032,30,124,7995,2613,85,1189,6065,10667,0.00,0.00,0.00,0.00,1.00,0.00,0.00,0.00,1.00,0.00,0.00,1.00,0.00,0.00
2096,23,22,2454256.50,0.98,17,109,381,95,1.5,64,141,5.3,26.5,87,0.74,0.08,0.18,0.0,0.0,100.0,0.0,0.0,0.0,0.0,0.0,0.0,0.0,0.0,0.0,0.0,0.0,0.0,0,0,0.0,0.0,0.0,0.0,0.0,0.0,0.0,0.0,0.0,0.0,0.0,0.0,0.0,0.0,0.0,0.0,0.0,0.0,0.0,0.0,0.0,0.0,0.0,0.0,0.0,0.0,0.0,0.0,0.0,0.0,0.0,0.0,0.0,0.0,0.0,0.0,0.0,0.0,0.0,0.0,0.0,0.0,0.0,0,0,0,360,162,0,362,30,323,872,1183,30,446,5861,664,120,693,2590,11396,0.00,0.00,0.00,0.00,0.00,1.00,1.00,0.00,0.00,0.00,0.00,0.00,1.00,0.00
2108,34,10,2454262.50,3.53,31,292,1943,1206,5.4,99,508,4.7,91.25,97.2,0.52,0.20,0.28,0.0,0.0,100.0,0.0,0.0,0.0,0.0,0.0,0.0,0.0,0.0,0.0,0.0,0.0,0.0,307,26,0.5,0.0,0.0,0.0,0.0,0.0,0.0,0.0,0.0,0.0,0.0,0.0,0.0,0.0,0.0,0.0,0.0,0.0,0.0,0.0,0.0,0.0,0.0,0.0,1.2,0.0,0.0,0.0,0.0,0.0,0.0,0.0,0.0,0.0,0.0,0.0,0.8,0.0,0.0,0.0,0.0,0.0,0.0,0,0,0,360,1470,0,360,108,366,1015,2550,124,120,7564,3662,30,1642,11067,17216,1.00,0.00,0.00,0.00,0.00,0.00,0.00,1.00,0.00,0.00,0.00,1.00,0.00,0.00
2109,19,27,2454634.50,1.43,36,114,579,233,0.9,99,206,4.8,0,93,0.67,0.07,0.27,0.0,0.0,96.7,0.0,0.0,0.0,0.0,3.3,0.0,0.0,0.0,0.0,0.0,0.0,0.0,0,0,0.0,0.0,0.0,0.0,0.0,0.0,0.0,0.0,0.0,0.0,0.0,0.0,0.0,0.0,0.0,0.0,0.0,0.0,0.0,0.0,0.0,0.0,0.0,0.0,0.0,0.0,0.0,0.0,0.0,0.0,0.0,0.0,0.0,0.0,0.0,0.0,0.0,0.0,0.0,0.0,0.0,0.0,0.0,0,0,0,35,685,258,42,170,1048,469,666,0,60,8668,1283,210,1129,2620,9445,0.00,0.00,0.00,0.00,0.00,1.00,1.00,0.00,0.00,0.00,0.00,0.00,0.00,1.00
2135,32,10,2454238.50,2.47,59,311,894,592,3.4,150,356,4.4,85,103,0.39,0.25,0.35,0.0,0.0,63.3,3.3,0.0,0.0,6.7,10.0,0.0,0.0,0.0,6.7,0.0,16.7,0.0,1474,102,0.6,0.0,0.0,0.0,0.1,0.0,0.0,0.0,0.7,0.0,0.0,0.0,0.0,0.0,0.0,0.0,0.0,0.0,0.0,1.0,0.0,0.0,0.0,0.0,0.0,0.0,0.0,0.0,0.0,0.0,0.0,0.0,0.0,0.1,0.0,0.0,0.0,0.0,0.0,0.0,0.0,0.0,0.1,0,0,0,355,1948,153,360,162,918,42,3485,108,930,5732,4146,0,1621,10546,17719,0.00,0.00,1.00,0.00,0.00,0.00,0.00,0.00,0.00,1.00,0.00,1.00,0.00,0.00
2141,33,16,2454262.50,2.21,32,79,40,63,1.9,127,318,4.4,97,68.5,0.70,0.08,0.22,0.0,0.0,73.3,0.0,0.0,0.0,26.7,0.3,0.0,0.0,0.0,0.0,0.0,0.0,0.0,430,47,0.7,0.4,0.0,0.0,0.0,0.0,0.0,0.0,0.0,0.0,0.0,0.0,0.0,0.0,0.0,0.0,0.0,0.0,0.0,0.3,0.0,0.0,0.0,0.0,0.9,0.0,0.0,0.0,0.4,0.0,0.0,0.0,0.0,0.0,0.0,0.0,0.0,0.0,0.0,0.0,0.0,0.0,0.0,0,0,0,380,1041,134,351,726,830,418,408,42,618,8094,1771,0,684,7844,14912,1.00,0.00,0.00,0.00,0.00,0.00,0.00,1.00,0.00,0.00,0.00,1.00,0.00,0.00
2153,28,9,2454655.50,5.59,65,215,2686,566,2.9,112,805,5.3,87.25,114.2,0.70,0.08,0.22,0.0,0.0,91.7,0.0,0.0,0.0,0.0,0.0,0.0,0.0,0.0,0.0,8.3,0.0,0.0,675,55,0.5,0.0,0.0,0.0,0.0,0.0,0.0,0.0,0.0,0.1,0.0,0.0,0.1,0.0,0.0,0.0,0.0,0.0,0.0,0.1,0.0,0.0,0.1,0.0,1.3,0.0,0.0,0.0,0.0,0.0,0.0,0.0,0.0,0.0,0.0,0.0,0.3,0.0,0.0,0.0,0.0,0.0,0.0,0,0,0,405,979,0,371,218,845,285,1516,30,256,2455,2322,30,426,7915,14067,1.00,0.00,0.00,0.00,0.00,0.00,0.00,0.00,1.00,0.00,0.00,1.00,0.00,0.00
2158,29,14,2454256.50,2.74,27,329,2831,1344,6.3,85,395,5.1,81.25,79.2,0.48,0.26,0.26,0.0,0.0,86.7,0.0,0.0,0.0,0.0,13.3,0.0,0.0,0.0,0.0,0.0,0.0,0.0,246,53,0.4,0.0,0.0,0.0,0.0,0.0,0.0,0.0,0.0,0.0,0.0,0.0,0.0,0.0,0.0,0.0,0.0,0.0,0.0,0.6,0.0,0.0,0.0,0.0,1.4,0.0,0.0,0.0,0.0,0.0,0.0,0.0,0.0,0.0,0.0,0.0,0.0,0.0,0.0,0.0,0.0,0.0,0.0,0,0,0,60,361,95,42,212,750,882,808,0,576,4339,4330,30,808,6633,16611,1.00,0.00,0.00,0.00,0.00,0.00,0.00,0.00,1.00,0.00,0.00,1.00,0.00,0.00
2164,23,8,2454634.50,4.37,35,187,2130,415,6.8,119,629,5.3,90,186.8,0.58,0.09,0.33,0.0,0.0,86.7,0.0,0.0,0.0,0.0,0.0,0.0,0.0,0.0,0.0,13.3,0.0,0.0,491,51,0.5,0.1,0.0,0.0,0.0,0.0,0.0,0.0,0.0,0.0,0.0,0.0,0.0,0.0,0.0,0.0,0.0,0.0,0.0,0.1,0.0,0.0,0.0,0.3,1.2,0.0,0.0,0.0,0.0,0.0,0.0,0.0,0.0,0.0,0.0,0.0,0.0,0.0,0.0,0.0,0.0,0.2,0.0,0,0,0,375,1084,30,433,124,1690,1515,1460,0,361,3481,2301,942,3586,5875,8939,0.00,0.00,1.00,0.00,0.00,0.00,0.00,0.00,0.00,1.00,0.00,1.00,0.00,0.00
2170,24,22,2454256.50,1.31,16,69,194,52,1.2,60,189,4.4,93.5,80,0.60,0.10,0.30,0.0,0.0,76.7,0.0,0.0,0.0,0.0,0.0,0.0,0.0,0.0,0.0,23.3,0.0,0.0,737,39,0.6,0.3,0.0,0.0,0.0,0.0,0.0,0.0,0.0,0.0,0.0,0.0,0.0,0.0,0.0,0.0,0.0,0.0,0.0,0.3,0.0,0.0,0.0,0.0,0.0,0.0,0.0,0.0,0.0,0.0,0.0,0.0,0.0,0.0,0.3,0.0,1.1,0.0,0.0,0.0,0.0,0.0,0.0,0,0,0,355,735,30,339,351,404,1380,636,212,488,6170,450,0,481,3565,10704,0.00,0.00,0.00,0.00,1.00,0.00,1.00,0.00,0.00,0.00,0.00,1.00,0.00,0.00
2171,24,19,2454256.50,2.11,111,106,818,214,10.4,63,304,5.1,97.75,111,0.70,0.11,0.19,0.0,0.0,76.7,0.0,0.0,0.0,16.7,0.0,0.0,3.3,0.0,0.0,3.3,0.0,0.0,921,44,0.5,0.0,0.0,0.0,0.0,0.0,0.0,0.0,0.0,0.0,0.0,0.0,0.0,0.0,0.0,0.0,0.0,0.0,0.0,1.2,0.0,0.0,0.0,0.0,0.0,0.0,0.0,0.0,0.0,0.0,0.0,0.0,0.0,0.0,0.2,0.0,0.0,0.0,0.0,0.6,0.0,0.0,0.0,0,0,5,90,1431,30,182,0,306,400,283,85,240,2955,713,150,793,1860,13762,0.00,0.00,0.00,0.00,1.00,0.00,0.00,1.00,0.00,0.00,0.00,1.00,0.00,0.00
2202,23,8,2454256.50,3.71,9,141,4300,615,4.6,66,534,6,87.5,177,0.68,0.14,0.18,0.0,0.0,76.7,0.0,0.0,0.0,13.3,0.0,0.0,0.0,0.0,0.0,10.0,0.0,0.0,675,13,0.4,0.4,0.0,0.0,0.0,0.0,0.0,0.0,0.0,0.0,0.0,0.0,0.0,0.0,0.0,0.0,0.0,0.0,0.0,0.1,0.0,0.0,0.0,0.0,1.5,0.0,0.0,0.0,0.0,0.0,0.0,0.0,0.0,0.0,0.0,0.0,0.0,0.0,0.0,0.0,0.0,0.0,0.0,0,0,0,115,1142,150,153,108,1850,1290,1650,0,258,3185,2475,1092,3556,5943,9218,0.00,0.00,1.00,0.00,0.00,0.00,0.00,0.00,0.00,1.00,0.00,1.00,0.00,0.00
2219,24,24,2454256.50,3.15,31,236,1886,949,3.9,120,454,5,91.25,101,0.66,0.18,0.16,0.0,0.0,90.0,0.0,0.0,0.0,0.0,0.0,0.0,0.0,0.0,0.0,10.0,0.0,0.0,430,18,0.7,0.0,0.0,0.0,0.0,0.0,0.0,0.0,0.0,0.0,0.4,0.0,0.0,0.0,0.0,0.0,0.0,0.0,0.0,0.0,0.0,0.0,0.0,0.0,0.0,0.0,0.0,0.0,0.0,0.0,0.4,0.0,0.0,0.0,0.0,0.0,0.9,0.0,0.0,0.2,0.0,0.0,0.0,0,0,0,620,1411,30,624,0,840,1080,722,108,553,7457,679,212,616,4533,9501,0.00,0.00,0.00,0.00,1.00,0.00,0.00,1.00,0.00,0.00,0.00,1.00,0.00,0.00
2231,31,18,2454259.50,2.72,57,165,2160,979,13.3,82,392,5,95,87,0.44,0.18,0.38,0.0,0.0,53.3,0.0,0.0,0.0,0.0,26.7,0.0,0.0,0.0,0.0,20.0,0.0,0.0,491,9,0.8,0.4,0.0,0.0,0.4,0.0,0.6,0.0,0.0,0.0,0.0,0.0,0.0,0.0,0.0,0.0,0.0,0.0,0.0,0.0,0.0,0.0,0.0,0.0,0.0,0.0,0.0,0.0,0.0,0.0,0.0,0.0,0.0,0.0,0.0,0.0,0.0,0.0,0.0,0.4,0.2,0.0,0.0,0,0,0,840,2333,792,1513,778,1803,2730,1790,895,1731,6851,4145,0,2941,7946,12785,0.00,0.00,0.00,0.00,1.00,0.00,0.00,0.00,1.00,0.00,0.00,1.00,0.00,0.00
2247,35,17,2454308.50,4.18,229,339,2685,1263,24,155,602,4.6,14,67,0.48,0.28,0.23,0.0,0.0,0.0,0.0,0.0,0.0,0.0,0.0,0.0,0.0,0.0,100.0,0.0,0.0,0.0,246,11,0.0,0.0,0.0,0.0,0.0,0.0,0.0,0.0,0.0,0.0,0.0,0.0,0.0,0.0,0.0,0.0,0.0,0.0,0.0,0.0,0.0,0.0,0.0,0.0,0.0,0.0,0.0,0.0,0.0,0.0,0.0,0.0,0.0,0.0,0.0,0.0,0.0,0.0,2.0,0.0,0.0,0.0,0.0,0,0,0,380,828,560,618,566,371,1187,0,607,684,10704,685,30,1019,5246,13572,0.00,0.00,0.00,0.00,0.00,1.00,0.00,0.00,1.00,0.00,0.00,1.00,0.00,0.00
2255,30,6,2454238.50,2,13,110,416,292,2.1,60,288,4.3,97,95,0.52,0.19,0.29,0.0,0.0,96.7,0.0,0.0,0.0,0.0,0.0,0.0,0.0,0.0,0.0,3.3,0.0,0.0,430,8,0.5,0.0,0.0,0.0,0.0,0.0,0.0,0.0,0.0,0.0,0.0,0.0,0.0,0.0,0.0,0.0,0.0,0.0,0.0,1.0,0.0,0.0,0.0,0.0,0.0,0.0,0.0,0.0,1.0,0.0,0.0,0.0,0.0,0.0,0.0,0.0,0.0,0.0,0.0,0.0,0.0,0.0,0.0,0,0,0,295,1103,67,228,134,525,201,1050,60,108,5835,342,0,828,10425,15029,0.00,0.00,1.00,0.00,0.00,0.00,0.00,0.00,0.00,1.00,0.00,0.00,0.00,1.00
2257,33,11,2454262.50,3.01,40,265,3146,1473,8.8,84,433,5.1,93.25,88.9,0.48,0.22,0.30,0.0,0.0,70.0,0.0,0.0,0.0,16.7,10.0,0.0,0.0,0.0,0.0,3.3,0.0,0.0,307,38,0.5,0.0,0.0,0.0,0.0,0.0,0.0,0.0,0.0,0.0,0.0,0.0,0.0,0.0,0.0,0.0,0.0,0.0,0.0,0.2,0.0,0.0,0.0,0.0,0.0,0.0,0.0,0.0,0.0,0.0,0.0,0.0,0.0,0.6,0.0,1.2,0.0,0.0,0.0,0.0,0.0,0.0,0.0,0,0,0,405,2060,42,379,134,192,134,3173,67,933,6664,4354,0,711,10772,17874,0.00,0.00,0.00,1.00,0.00,0.00,0.00,0.00,1.00,0.00,0.00,1.00,0.00,0.00
2259,24,11,2454256.50,2.49,18,286,5135,1616,6.9,79,359,5.3,73.75,146.4,0.52,0.25,0.22,0.0,0.0,93.3,0.0,0.0,0.0,0.0,6.7,0.0,0.0,0.0,0.0,0.0,0.0,0.0,553,21,0.3,0.0,0.0,0.0,0.0,0.0,0.0,0.0,0.0,0.0,0.0,0.0,0.0,0.0,0.0,0.0,0.0,0.0,0.0,0.4,0.0,0.0,0.0,0.0,1.6,0.0,0.0,0.0,0.0,0.0,0.0,0.0,0.0,0.0,0.0,0.0,0.0,0.0,0.0,0.0,0.0,0.0,0.0,0,0,0,20,1399,150,42,60,1664,1045,830,0,469,1801,3078,816,2312,4082,10874,0.00,0.00,1.00,0.00,0.00,0.00,0.00,0.00,0.00,1.00,1.00,0.00,0.00,0.00
3094,27,27,2454649.50,1.97,33,505,2021,1798,11.1,132,284,4.7,37.5,94.7,0.71,0.10,0.19,0.0,0.0,33.3,0.0,0.0,26.7,0.0,40.0,0.0,0.0,0.0,0.0,0.0,0.0,0.0,0,0,0.0,0.0,0.0,0.0,0.0,0.0,0.0,0.0,0.0,0.0,0.0,0.0,0.0,0.0,0.0,0.0,0.0,0.0,0.0,0.0,0.0,0.0,0.0,0.0,0.0,0.0,0.0,0.0,0.0,0.0,0.0,0.0,0.0,0.0,0.0,0.0,0.0,0.0,0.0,0.0,0.0,0.0,0.0,0,0,0,10,726,30,30,524,794,424,1413,0,180,4572,395,134,421,3403,6166,0.00,0.00,0.00,1.00,0.00,0.00,0.00,1.00,0.00,0.00,0.00,0.00,1.00,0.00
64,13,13,2457995.50,2.42,69,135,914,116,3,10,348,5.5,36.25,148,0.72,0.05,0.23,0.0,0.0,81.7,0.0,0.0,0.0,13.3,5.0,0.0,0.0,0.0,0.0,0.0,0.0,0.0,0,0,0.0,0.0,0.0,0.0,0.0,0.0,0.0,0.0,0.0,0.0,0.0,0.0,0.0,0.0,0.0,0.0,0.0,0.0,0.0,0.0,0.0,0.0,0.0,0.0,0.0,0.0,0.0,0.0,0.0,0.0,0.0,0.0,0.0,0.0,0.0,0.0,0.0,0.0,0.0,0.0,0.0,0.0,0.0,0,0,0,60,649,247,134,0,1194,661,2724,339,234,5090,2279,1020,1092,4310,8897,1.00,0.00,0.00,0.00,0.00,0.00,0.00,1.00,0.00,0.00,1.00,0.00,0.00,0.00
65,22,10,2457978.50,2.1,46,241,1404,508,4.4,11,302,4.8,96.25,152,0.54,0.15,0.31,0.0,0.0,94.7,0.0,0.0,0.0,0.3,0.0,0.0,0.0,0.0,0.0,6.7,0.0,0.0,246,31,0.1,0.0,0.0,0.0,0.0,0.0,0.0,0.0,0.0,0.0,0.0,0.0,0.3,0.0,0.0,0.0,0.0,0.0,0.0,0.0,0.0,0.0,0.0,0.0,0.0,0.0,0.0,0.0,1.7,0.0,0.0,0.0,0.0,0.0,0.0,0.0,0.0,0.0,0.0,0.0,0.0,0.0,0.0,0,0,0,195,592,150,180,0,2072,1945,2242,170,60,3361,2001,1176,2394,3773,9534,0.00,0.00,1.00,0.00,0.00,0.00,0.00,1.00,0.00,0.00,1.00,0.00,0.00,0.00
123,24,20,2457892.50,2.36,142,197,2374,1021,5.3,43,340,4.7,95,76,0.41,0.27,0.32,0.0,0.0,78.0,0.0,0.0,0.0,0.3,0.0,0.0,0.0,0.0,0.0,21.7,0.0,0.0,737,43,0.5,0.1,0.0,0.0,0.0,0.0,0.0,0.0,0.0,0.0,0.0,0.0,0.0,0.0,0.0,0.0,0.0,0.0,0.0,0.5,0.0,0.0,0.0,0.0,1.3,0.0,0.0,0.0,0.0,0.0,0.0,0.0,0.0,0.1,0.0,0.0,0.0,0.0,0.0,0.0,0.0,0.0,0.0,5,5,5,660,977,342,636,360,0,741,750,301,631,3520,751,60,808,1740,13382,0.00,1.00,0.00,0.00,0.00,0.00,0.00,1.00,0.00,0.00,0.00,1.00,0.00,0.00
161,20,14,2457984.50,3.6,79,379,4442,1811,23.7,28,518,5.7,47,119,0.40,0.24,0.36,0.0,0.0,89.7,0.3,0.0,0.0,0.0,0.0,0.0,0.0,0.0,0.0,10.0,0.0,0.0,246,16,0.2,0.0,0.0,0.0,0.0,0.0,0.0,0.0,0.0,0.0,0.0,0.0,0.0,0.0,0.0,0.0,0.0,0.0,0.0,0.0,0.0,0.0,0.0,0.0,1.7,0.0,0.0,0.0,0.3,0.0,0.0,0.0,0.0,0.0,0.0,0.0,0.0,0.0,0.0,0.0,0.0,0.0,0.0,0,0,0,400,771,247,390,256,769,420,589,0,488,3856,418,342,892,1905,10881,0.00,0.00,1.00,0.00,0.00,0.00,0.00,0.00,0.00,1.00,1.00,0.00,0.00,0.00
162,19,11,2457978.50,2.62,31,172,1573,634,3.6,26,377,5.4,44.5,140,0.31,0.12,0.57,0.0,0.0,93.3,0.0,0.0,0.0,1.7,0.0,0.0,0.0,0.0,0.0,5.0,0.0,0.0,307,22,0.0,0.0,0.0,0.0,0.0,0.0,0.0,0.0,0.0,0.0,0.0,0.0,0.0,0.0,0.0,0.0,0.0,0.0,0.0,0.0,0.0,0.0,0.0,0.0,2.0,0.0,0.0,0.0,0.0,0.0,0.0,0.0,0.0,0.0,0.0,0.0,0.0,0.0,0.0,0.0,0.0,0.0,0.0,0,0,5,215,0,192,240,175,660,752,3282,90,700,3030,1167,277,1550,1194,7755,1.00,0.00,0.00,0.00,0.00,0.00,0.00,1.00,0.00,0.00,1.00,0.00,0.00,0.00
201,23,22,2457995.50,3.6,52,78,516,98,4.9,10,518,4.1,78.25,86,0.63,0.07,0.30,0.0,0.0,90.0,1.7,0.0,0.0,1.7,0.0,0.0,0.0,0.0,0.0,6.7,0.0,0.0,2395,32,0.1,0.0,0.0,0.0,0.0,0.0,0.0,0.0,0.0,0.0,0.0,0.0,0.0,0.0,0.0,0.0,0.0,0.0,0.0,0.0,0.0,0.0,0.0,0.2,1.8,0.0,0.0,0.0,0.0,0.0,0.0,0.0,0.0,0.0,0.0,0.0,0.0,0.0,0.0,0.0,0.0,0.0,0.0,0,0,0,300,124,90,331,150,691,402,830,0,272,5432,361,182,600,2330,11705,0.00,0.00,1.00,0.00,0.00,0.00,0.00,0.00,0.00,1.00,0.00,0.00,1.00,0.00
202,34,12,2457893.50,3.12,36,343,2236,621,2.9,28,449,5.1,25,78,0.58,0.12,0.30,0.0,0.0,41.7,0.0,0.0,0.0,0.0,35.0,0.0,0.0,0.0,0.0,23.3,0.0,0.0,123,14,0.0,0.0,0.0,0.0,0.0,0.0,0.0,0.0,0.0,0.0,0.0,0.0,0.0,0.0,0.0,0.0,0.0,0.0,0.0,0.0,0.0,0.0,0.0,0.0,2.0,0.0,0.0,0.0,0.0,0.0,0.0,0.0,0.0,0.0,0.0,0.0,0.0,0.0,0.0,0.0,0.0,0.0,0.0,0,0,0,315,912,0,553,366,1510,900,1822,90,488,7262,3268,95,721,9301,17142,1.00,0.00,0.00,0.00,0.00,0.00,1.00,0.00,0.00,0.00,0.00,1.00,0.00,0.00
414,24,20,2457892.50,1.49,73,146,609,505,6.2,26,215,4.4,90,86,0.46,0.17,0.37,0.0,0.3,89.7,0.0,0.0,0.0,0.0,0.0,0.0,0.0,0.0,0.0,10.0,0.0,0.0,184,24,0.2,0.0,0.0,0.0,0.0,0.0,0.0,0.0,0.0,0.0,0.0,0.0,0.0,0.0,0.0,0.0,0.0,0.0,0.0,0.0,0.0,0.0,0.0,0.0,0.0,0.0,0.0,0.0,0.0,0.0,0.0,0.0,0.0,1.6,0.0,0.0,0.0,0.0,0.0,0.0,0.4,0.0,0.0,0,10,5,570,759,481,541,510,192,660,1106,721,636,3939,824,0,751,1790,12980,0.00,1.00,0.00,0.00,0.00,0.00,0.00,1.00,0.00,0.00,0.00,1.00,0.00,0.00
415,34,18,2457899.50,2.62,187,394,2865,1244,20.5,79,377,4.8,97.25,84.8,0.25,0.33,0.42,0.0,0.0,75.0,0.0,0.0,0.0,0.0,3.3,0.0,0.0,0.0,0.0,8.3,6.7,0.0,246,14,0.6,0.0,0.0,0.0,0.3,0.0,0.0,0.0,0.0,0.0,0.6,0.0,0.0,0.0,0.0,0.0,0.0,0.0,0.0,0.0,0.0,0.0,0.0,0.0,0.0,0.0,0.0,0.0,0.0,0.0,0.0,1.1,0.0,0.0,0.0,0.0,0.0,0.0,0.0,0.0,0.0,0.0,0.0,0,10,5,295,277,451,630,272,362,968,379,547,1084,9881,2123,0,451,5350,12131,0.00,0.00,0.00,0.00,1.00,0.00,1.00,0.00,0.00,0.00,0.00,1.00,0.00,0.00
416,30,18,2457895.50,3.12,323,349,1577,908,23.1,42,449,4.5,95,60.9,0.26,0.28,0.46,0.0,0.0,25.0,0.0,0.0,0.0,0.0,65.0,0.0,0.0,0.0,0.0,6.7,3.3,0.0,430,41,0.7,0.8,0.0,0.0,0.5,0.0,0.0,0.0,0.0,0.0,0.0,0.0,0.0,0.0,0.0,0.0,0.0,0.0,0.0,0.7,0.0,0.0,0.0,0.0,0.0,0.0,0.0,0.0,0.0,0.0,0.0,0.0,0.0,0.0,0.0,0.0,0.0,0.0,0.0,0.0,0.0,0.0,0.0,0,0,5,1080,1924,594,886,700,1354,2809,2337,866,1537,6224,4763,0,3180,7590,12930,0.00,1.00,0.00,0.00,0.00,0.00,0.00,0.00,1.00,0.00,0.00,1.00,0.00,0.00
1008,1,9,2457974.50,3.9,75,496,7977,1735,13.5,17,562,6.6,89.25,190,0.41,0.15,0.44,0.0,0.0,90.0,0.0,0.0,0.0,3.3,1.7,0.0,0.0,0.0,0.0,5.0,0.0,0.0,1044,30,0.7,0.9,0.0,0.1,0.0,0.0,0.0,0.0,0.0,0.0,0.0,0.0,0.0,0.0,0.0,0.0,0.0,0.1,0.0,0.4,0.5,0.0,0.0,0.0,0.0,0.0,0.0,0.0,0.0,0.0,0.0,0.0,0.0,0.0,0.0,0.0,0.0,0.0,0.0,0.0,0.0,0.0,0.0,0,0,0,525,983,153,518,0,2831,1112,1798,216,95,7032,1655,361,1987,2644,7353,0.00,0.00,1.00,0.00,0.00,0.00,0.00,0.00,0.00,1.00,0.00,0.00,1.00,0.00
1041,17,12,2457974.50,1.09,20,130,541,392,3.4,19,157,4.8,86.5,109.3,0.62,0.14,0.24,0.0,0.0,85.0,0.0,0.0,0.0,5.0,3.3,0.0,0.0,0.0,0.0,6.7,0.0,0.0,1596,20,0.1,0.0,0.0,0.0,0.0,0.0,0.0,0.0,0.0,0.0,0.0,0.0,0.0,0.0,0.0,0.0,0.0,0.0,0.0,0.1,0.0,0.0,0.0,0.0,1.9,0.0,0.0,0.0,0.0,0.0,0.0,0.0,0.0,0.0,0.0,0.0,0.0,0.0,0.0,0.0,0.0,0.0,0.0,0,0,0,55,767,0,30,242,849,702,3077,30,85,3913,124,85,841,366,8040,0.00,0.00,1.00,0.00,0.00,0.00,0.00,0.00,0.00,1.00,1.00,0.00,0.00,0.00
1082,20,9,2457891.50,0.36,99,327,7281,700,6.4,16,52,5.9,95.5,0,0.49,0.16,0.35,0.0,0.0,98.3,0.0,0.0,0.0,0.0,1.7,0.0,0.0,0.0,0.0,0.0,0.0,0.0,737,35,0.7,0.0,0.0,0.0,0.0,0.0,0.1,0.3,0.0,0.0,0.0,0.0,0.1,0.0,0.0,0.0,0.0,0.0,0.0,0.4,0.0,0.0,0.0,0.0,0.0,0.0,0.0,0.0,0.8,0.0,0.0,0.0,0.0,0.0,0.2,0.0,0.0,0.0,0.0,0.0,0.1,0.0,0.0,0,0,0,480,201,67,510,0,1535,830,1566,150,484,1140,698,793,2929,3120,6565,0.00,0.00,1.00,0.00,0.00,0.00,0.00,0.00,0.00,1.00,1.00,0.00,0.00,0.00
1141,8,7,2457982.50,1.94,35,193,937,377,5.2,11,279,4.9,91,140.3,0.43,0.11,0.46,0.0,0.0,93.0,0.0,0.0,0.0,1.7,0.0,0.0,0.0,0.0,0.0,5.3,0.0,0.0,307,36,0.7,0.0,0.0,0.0,0.0,0.0,0.3,0.0,0.0,0.0,0.0,0.0,0.0,0.0,0.0,0.2,0.0,0.0,0.0,0.0,0.0,0.0,0.0,0.0,0.0,0.0,0.0,0.2,0.0,0.8,0.0,0.5,0.0,0.0,0.0,0.0,0.0,0.0,0.0,0.0,0.0,0.0,0.0,0,0,0,285,391,67,859,0,2919,875,2069,170,67,6427,1221,1261,4236,4543,5777,0.00,0.00,1.00,0.00,0.00,0.00,0.00,0.00,0.00,1.00,0.00,0.00,1.00,0.00
1159,16,16,2457988.50,3.5,91,435,1984,1225,13.4,35,504,4.9,94.75,129.5,0.41,0.16,0.43,0.0,0.0,81.7,0.0,0.0,0.0,5.0,0.0,0.0,0.0,0.0,0.0,13.3,0.0,0.0,491,7,0.7,0.0,0.0,0.0,0.0,0.0,0.0,0.0,0.0,0.0,0.0,0.0,0.0,0.0,0.0,0.0,0.0,0.0,0.0,0.5,0.0,0.0,0.0,0.0,0.0,0.0,0.0,0.2,0.0,0.0,0.0,0.0,0.0,0.8,0.0,0.5,0.0,0.0,0.0,0.0,0.0,0.0,0.0,0,0,10,65,1006,124,42,42,541,0,182,182,30,3615,309,175,742,4447,8946,0.00,0.00,1.00,0.00,0.00,0.00,0.00,0.00,0.00,1.00,1.00,0.00,0.00,0.00
1268,2,19,2457998.50,2.85,74,315,3333,1620,12.3,29,410,5.4,91.75,143.5,0.54,0.17,0.29,0.0,0.0,71.3,0.0,0.0,0.0,0.3,16.7,0.0,0.0,0.0,0.0,11.7,0.0,0.0,982,30,0.5,0.0,0.0,0.0,0.1,0.0,0.0,0.0,0.0,0.0,0.0,0.0,0.0,0.0,0.0,0.0,0.0,0.0,0.0,0.4,0.0,0.0,0.0,0.0,1.3,0.0,0.0,0.1,0.1,0.0,0.0,0.0,0.0,0.0,0.0,0.0,0.0,0.0,0.0,0.0,0.0,0.0,0.0,0,0,0,200,360,0,510,30,454,90,1865,60,85,5740,859,162,212,1262,4307,0.00,1.00,0.00,0.00,0.00,0.00,0.00,1.00,0.00,0.00,0.00,0.00,1.00,0.00
1321,9,10,2457982.50,0.95,18,81,261,82,2,8,137,5,87.5,128,0.33,0.14,0.53,0.0,0.0,85.0,0.0,0.0,0.0,5.0,5.0,0.0,0.0,0.0,0.0,5.0,0.0,0.0,860,13,0.2,0.0,0.0,0.0,0.0,0.0,0.0,0.0,0.0,0.0,0.0,0.0,0.0,0.0,0.0,0.0,0.0,0.0,0.0,0.2,0.0,0.0,0.0,0.0,1.8,0.0,0.0,0.0,0.0,0.0,0.0,0.0,0.0,0.0,0.0,0.0,0.0,0.0,0.0,0.0,0.0,0.0,0.0,0,0,0,120,1292,192,150,0,1279,42,1350,90,30,8360,537,218,815,7315,7836,0.00,0.00,0.00,0.00,1.00,0.00,0.00,1.00,0.00,0.00,1.00,0.00,0.00,0.00
1341,16,7,2457984.50,1.49,38,216,1497,788,8.9,19,215,5,93,138.2,0.58,0.20,0.22,0.0,0.0,33.3,1.7,0.0,0.0,3.3,45.0,0.0,0.0,0.0,0.0,3.3,13.3,0.0,491,13,0.8,0.0,0.0,0.0,0.5,0.0,0.0,0.0,0.0,0.0,0.0,0.0,0.0,0.0,0.0,0.0,0.0,0.0,0.0,0.2,0.0,0.0,0.0,0.0,0.0,0.4,0.0,0.0,0.7,0.0,0.0,0.0,0.0,0.0,0.0,0.0,0.0,0.0,0.0,0.0,0.2,0.0,0.0,0,0,15,40,162,30,150,0,1209,210,150,42,42,2296,268,424,1230,3229,3296,0.00,1.00,0.00,0.00,0.00,0.00,0.00,1.00,0.00,0.00,1.00,0.00,0.00,0.00
1363,15,4,2457891.50,3.6,46,299,797,489,3.8,17,518,4.3,90,0,0.45,0.16,0.39,0.0,0.0,86.7,0.0,0.0,0.0,0.0,0.0,0.0,0.0,0.0,0.0,13.3,0.0,0.0,1535,52,0.3,0.0,0.0,0.0,0.0,0.0,0.0,0.0,0.0,0.0,0.0,0.0,0.0,0.0,0.0,0.0,0.0,0.0,0.0,0.4,0.0,0.0,0.0,0.1,1.6,0.0,0.0,0.0,0.0,0.0,0.0,0.0,0.0,0.0,0.0,0.0,0.0,0.0,0.0,0.0,0.0,0.0,0.0,0,0,0,470,1889,42,424,150,1302,841,1595,0,488,2763,446,408,2524,987,1036,1.00,0.00,0.00,0.00,0.00,0.00,0.00,1.00,0.00,0.00,1.00,0.00,0.00,0.00
1365,4,14,2457890.50,2.85,71,298,2913,373,19.4,8,410,6.4,90,159,0.49,0.10,0.41,0.0,0.0,95.0,0.0,0.0,0.0,3.3,1.7,0.0,0.0,0.0,0.0,0.0,0.0,0.0,246,12,0.7,0.0,0.0,0.0,0.0,0.0,0.8,0.0,0.0,0.0,0.0,0.0,0.6,0.0,0.0,0.0,0.0,0.0,0.0,0.0,0.0,0.0,0.0,0.0,0.0,0.0,0.0,0.0,0.0,0.0,0.0,0.0,0.0,0.0,0.0,0.0,0.0,0.0,0.0,0.6,0.0,0.0,0.0,0,0,0,25,1064,67,124,0,2522,1965,2493,30,42,6396,2827,480,4264,4756,6804,0.00,0.00,1.00,0.00,0.00,0.00,0.00,0.00,0.00,1.00,0.00,0.00,1.00,0.00
1412,1,13,2457993.50,2.94,95,174,1322,335,4.8,20,423,5.5,46.75,152.2,0.38,0.11,0.51,0.0,0.0,91.7,0.0,0.0,0.0,1.7,0.0,0.0,0.0,0.0,0.0,6.7,0.0,0.0,184,72,0.0,0.0,0.0,0.0,0.0,0.0,0.0,0.0,0.0,0.0,0.0,0.0,0.0,0.0,0.0,0.0,0.0,0.0,0.0,0.0,0.0,0.0,0.0,0.0,2.0,0.0,0.0,0.0,0.0,0.0,0.0,0.0,0.0,0.0,0.0,0.0,0.0,0.0,0.0,0.0,0.0,0.0,0.0,0,10,25,105,1075,67,85,95,888,908,120,0,847,3545,153,134,2093,2110,3944,0.00,0.00,1.00,0.00,0.00,0.00,0.00,0.00,0.00,1.00,0.00,0.00,1.00,0.00
1457,2,18,2457890.50,1.94,27,249,2363,905,4.8,24,279,5.5,90.75,135,0.39,0.30,0.31,0.0,0.0,86.7,0.0,0.0,0.0,8.3,0.0,0.0,0.0,0.0,0.0,5.0,0.0,0.0,1044,54,0.1,0.0,0.0,0.0,0.0,0.0,0.0,0.0,0.0,0.0,0.0,0.0,0.0,0.0,0.0,0.0,0.0,0.0,0.0,0.0,0.0,0.0,0.0,0.0,1.9,0.0,0.0,0.0,0.0,0.0,0.0,0.0,0.0,0.0,0.0,0.0,0.0,0.0,0.0,0.1,0.0,0.0,0.0,0,0,0,290,323,127,969,42,1608,175,2666,277,0,4924,1679,391,1440,1844,4024,0.00,1.00,0.00,0.00,0.00,0.00,0.00,1.00,0.00,0.00,1.00,0.00,0.00,0.00
1487,3,13,2457890.50,2.48,51,184,1196,229,3.7,10,357,5.4,73.75,164,0.61,0.12,0.27,0.0,0.0,91.7,0.0,0.0,0.0,3.3,0.0,0.0,0.0,0.0,0.0,5.0,0.0,0.0,1228,48,0.0,0.0,0.0,0.0,0.0,0.0,0.0,0.0,0.0,0.0,0.0,0.0,0.0,0.0,0.0,0.0,0.0,0.0,0.0,0.0,0.0,0.0,0.0,0.0,2.0,0.0,0.0,0.0,0.0,0.0,0.0,0.0,0.0,0.0,0.0,0.0,0.0,0.0,0.0,0.0,0.0,0.0,0.0,0,0,0,40,1159,60,379,124,1862,1350,1883,0,240,5755,2343,272,4331,4500,6162,0.00,0.00,1.00,0.00,0.00,0.00,0.00,0.00,0.00,1.00,0.00,0.00,1.00,0.00
1531,3,15,2457890.50,3.6,111,265,3125,1151,9.7,28,518,4.9,87.75,164,0.45,0.18,0.37,0.0,0.0,61.7,0.0,0.0,0.0,0.0,0.0,0.0,0.0,0.0,0.0,5.0,0.0,0.0,430,64,0.5,0.0,0.0,0.0,0.0,0.0,0.0,0.0,0.0,0.0,0.4,0.0,0.0,0.0,0.0,0.0,0.0,0.0,0.0,0.0,0.0,0.0,0.0,0.0,1.3,0.0,0.0,0.0,0.3,0.0,0.0,0.0,0.0,0.0,0.0,0.0,0.0,0.0,0.0,0.0,0.0,0.0,0.0,0,0,0,25,1570,182,85,0,2684,966,1907,90,402,4801,1426,660,3279,2694,4938,0.00,0.00,1.00,0.00,0.00,0.00,0.00,0.00,0.00,1.00,0.00,0.00,1.00,0.00
1539,10,5,2457891.50,2.18,90,210,2075,1235,11,42,314,4.9,23.75,0,0.25,0.21,0.54,0.0,0.0,93.3,0.0,0.0,0.0,0.0,5.0,0.0,0.0,0.0,0.0,1.7,0.0,0.0,0,0,0.0,0.0,0.0,0.0,0.0,0.0,0.0,0.0,0.0,0.0,0.0,0.0,0.0,0.0,0.0,0.0,0.0,0.0,0.0,0.0,0.0,0.0,0.0,0.0,0.0,0.0,0.0,0.0,0.0,0.0,0.0,0.0,0.0,0.0,0.0,0.0,0.0,0.0,0.0,0.0,0.0,0.0,0.0,15,5,0,245,210,30,513,0,859,553,1861,67,474,3763,570,134,2741,2698,3516,0.00,1.00,0.00,0.00,0.00,0.00,0.00,0.00,1.00,0.00,0.00,0.00,1.00,0.00
1550,19,14,2457977.50,2.55,53,406,2359,1583,7.1,45,367,5,93.75,120.4,0.34,0.22,0.44,0.0,0.0,91.3,0.0,0.0,0.0,2.0,1.7,0.0,0.0,0.0,0.0,5.0,0.0,0.0,184,32,0.0,0.0,0.0,0.0,0.0,0.0,0.0,0.0,0.0,0.0,0.0,0.0,0.0,0.0,0.0,0.0,0.0,0.0,0.0,0.0,0.0,0.0,0.0,0.0,2.0,0.0,0.0,0.0,0.0,0.0,0.0,0.0,0.0,0.0,0.0,0.0,0.0,0.0,0.0,0.0,0.0,0.0,0.0,0,0,0,80,767,30,85,42,1318,781,607,0,540,4508,150,153,551,2643,10671,0.00,0.00,1.00,0.00,0.00,0.00,0.00,0.00,0.00,1.00,1.00,0.00,0.00,0.00
2001,28,20,2457892.50,2.18,49,147,980,162,2.9,8,314,5.7,14.5,96,0.70,0.08,0.22,0.0,0.0,95.0,0.0,0.0,0.0,5.0,0.0,0.0,0.0,0.0,0.0,0.0,0.0,0.0,123,41,0.0,0.0,0.0,0.0,0.0,0.0,0.0,0.0,0.0,0.0,0.0,0.0,0.0,0.0,0.0,0.0,0.0,0.0,0.0,0.0,0.0,0.0,0.0,0.0,2.0,0.0,0.0,0.0,0.0,0.0,0.0,0.0,0.0,0.0,0.0,0.0,0.0,0.0,0.0,0.0,0.0,0.0,0.0,0,0,0,330,741,258,330,379,2079,2287,2300,0,451,5304,2864,60,3101,5372,11870,0.00,0.00,1.00,0.00,0.00,0.00,0.00,0.00,0.00,1.00,0.00,1.00,0.00,0.00
2020,32,18,2457898.50,1.69,150,170,1003,574,8.9,11,243,4.8,97.75,81,0.52,0.10,0.39,0.0,0.0,98.3,0.0,0.0,0.0,1.7,0.0,0.0,0.0,0.0,0.0,0.0,0.0,0.0,860,51,0.3,0.0,0.0,0.0,0.3,0.0,0.1,0.0,0.0,0.0,0.0,0.0,0.0,0.0,0.0,0.0,0.0,0.0,0.0,1.6,0.0,0.0,0.0,0.0,0.0,0.0,0.0,0.0,0.0,0.0,0.0,0.0,0.0,0.0,0.0,0.0,0.0,0.0,0.0,0.0,0.0,0.0,0.0,0,0,0,330,1822,870,1776,920,987,1771,890,977,1951,7692,3132,0,1998,7371,12961,0.00,1.00,0.00,0.00,0.00,0.00,0.00,1.00,0.00,0.00,0.00,1.00,0.00,0.00
2023,32,10,2457888.50,3.7,108,305,4357,1051,11,33,533,5.2,70,110,0.43,0.22,0.35,0.0,0.3,79.7,0.0,0.0,0.0,20.0,0.0,0.0,0.0,0.0,0.0,0.0,0.0,0.0,0,0,0.0,0.0,0.0,0.0,0.0,0.0,0.0,0.0,0.0,0.0,0.0,0.0,0.0,0.0,0.0,0.0,0.0,0.0,0.0,0.0,0.0,0.0,0.0,0.0,0.0,0.0,0.0,0.0,0.0,0.0,0.0,0.0,0.0,0.0,0.0,0.0,0.0,0.0,0.0,0.0,0.0,0.0,0.0,0,0,0,50,1624,42,42,30,661,400,3852,30,680,5633,3770,0,1952,10573,17485,1.00,0.00,0.00,0.00,0.00,0.00,0.00,0.00,1.00,0.00,0.00,1.00,0.00,0.00
2028,32,11,2457888.50,2.85,96,347,1491,664,5.5,52,410,3.6,93.75,106.8,0.23,0.25,0.52,0.0,0.0,100.0,0.0,0.0,0.0,0.0,0.0,0.0,0.0,0.0,0.0,0.0,0.0,0.0,123,14,0.5,0.0,0.0,0.0,0.0,0.0,0.0,0.0,0.0,0.0,0.0,0.0,0.0,0.0,0.0,0.0,0.0,0.0,0.0,0.0,0.0,0.0,0.0,0.0,0.9,0.0,0.0,0.0,0.0,0.0,0.0,0.0,0.0,0.0,0.0,0.0,1.1,0.0,0.0,0.0,0.0,0.0,0.0,0,0,0,22,1736,182,90,573,604,765,3218,30,531,5016,4244,0,2078,9733,17186,1.00,0.00,0.00,0.00,0.00,0.00,0.00,1.00,0.00,0.00,0.00,1.00,0.00,0.00
2035,22,24,2457893.50,3.21,64,302,3158,1190,10.6,52,462,5.4,74,102,0.46,0.17,0.37,0.0,0.0,91.7,0.0,0.0,0.0,6.7,0.0,0.0,0.0,0.0,0.0,1.7,0.0,0.0,61,20,0.0,0.0,0.0,0.0,0.0,0.0,0.0,0.0,0.0,0.0,0.0,0.0,0.0,0.0,0.0,0.0,0.0,0.0,0.0,0.0,0.0,0.0,0.0,0.0,2.0,0.0,0.0,0.0,0.0,0.0,0.0,0.0,0.0,0.0,0.0,0.0,0.0,0.0,0.0,0.0,0.0,0.0,0.0,0,0,0,225,1959,67,268,234,933,366,955,0,569,8002,977,30,446,4422,9922,0.00,0.00,1.00,0.00,0.00,0.00,0.00,0.00,0.00,1.00,0.00,1.00,0.00,0.00
2041,33,16,2457898.50,1.69,19,103,400,216,2.3,16,243,4.7,95.25,97.9,0.43,0.15,0.42,0.0,0.0,25.0,0.0,0.0,0.0,5.0,63.3,0.0,0.0,0.0,0.0,6.7,0.0,0.0,614,39,0.5,0.0,0.0,0.0,0.0,0.0,0.0,0.0,0.0,0.0,0.0,0.0,0.0,0.0,0.0,0.0,0.0,0.0,0.0,0.2,0.0,0.0,0.0,0.0,0.0,0.0,0.0,0.0,1.3,0.0,0.0,0.0,0.0,0.0,0.0,0.0,0.4,0.0,0.0,0.0,0.1,0.0,0.0,0,0,0,80,912,162,67,750,1189,1200,1909,524,1263,8424,2618,0,1129,9462,16093,1.00,0.00,0.00,0.00,0.00,0.00,1.00,0.00,0.00,0.00,0.00,1.00,0.00,0.00
2051,25,7,2457889.50,2.18,40,286,2222,798,3.7,22,314,5.2,87.75,144.2,0.51,0.19,0.30,0.0,0.0,95.0,0.0,0.0,0.0,0.0,1.7,0.0,0.0,0.0,0.0,3.3,0.0,0.0,307,44,0.4,0.0,0.0,0.0,0.0,0.0,0.0,0.0,0.0,0.0,0.0,0.0,0.0,0.0,0.0,0.0,0.0,0.0,0.0,0.7,0.0,0.0,0.0,0.0,1.3,0.0,0.0,0.0,0.0,0.0,0.0,0.0,0.0,0.0,0.0,0.0,0.0,0.0,0.0,0.0,0.0,0.0,0.0,0,0,0,245,1343,42,228,201,1465,1022,2335,0,400,3326,2192,210,2318,6998,9992,1.00,0.00,0.00,0.00,0.00,0.00,0.00,1.00,0.00,0.00,0.00,1.00,0.00,0.00
2052,28,7,2457877.50,3.6,129,508,6372,1760,8.6,58,518,5,96.25,118,0.30,0.30,0.40,0.0,0.0,91.7,0.0,0.0,0.0,0.0,0.0,0.0,0.0,0.0,0.0,8.3,0.0,0.0,246,30,0.6,0.0,0.0,0.0,0.0,0.0,0.0,0.0,0.0,0.0,0.0,0.0,0.0,0.0,0.0,0.0,0.0,0.0,0.0,0.0,0.0,0.0,0.0,0.0,1.1,0.0,0.0,0.0,0.0,0.0,0.0,0.0,0.0,0.0,0.0,0.3,0.0,0.0,0.0,0.6,0.0,0.0,0.0,0,0,0,195,1003,30,190,0,636,488,1140,60,362,4135,607,134,1106,8953,13074,0.00,0.00,1.00,0.00,0.00,0.00,0.00,0.00,0.00,1.00,0.00,1.00,0.00,0.00
2061,32,8,2457877.50,3.6,165,378,3960,1613,3.9,75,518,4.9,81.25,116,0.29,0.33,0.38,0.0,0.0,100.0,0.0,0.0,0.0,0.0,0.0,0.0,0.0,0.0,0.0,0.0,0.0,0.0,307,53,0.4,0.0,0.0,0.0,0.0,0.0,0.0,0.0,0.0,0.0,0.0,0.0,0.0,0.0,0.0,0.0,0.0,0.0,0.0,0.0,0.0,0.0,0.0,0.0,1.6,0.0,0.0,0.0,0.0,0.0,0.0,0.0,0.0,0.0,0.0,0.0,0.4,0.0,0.0,0.0,0.0,0.0,0.0,0,0,0,265,607,234,295,480,560,1616,2746,0,1291,5799,2232,391,2496,11146,16779,1.00,0.00,0.00,0.00,0.00,0.00,0.00,1.00,0.00,0.00,0.00,1.00,0.00,0.00
2063,31,19,2457897.50,2.78,152,180,940,394,6.7,34,400,4.4,95.75,90,0.20,0.18,0.62,0.0,0.0,85.0,3.3,0.0,0.0,1.7,1.7,0.0,0.0,0.0,0.0,8.3,0.0,0.0,553,8,0.5,0.6,0.2,0.0,1.3,0.0,0.0,0.0,0.0,0.0,0.0,0.0,0.0,0.0,0.0,0.0,0.0,0.0,0.0,0.0,0.0,0.0,0.0,0.0,0.0,0.0,0.0,0.0,0.0,0.0,0.0,0.0,0.0,0.0,0.0,0.0,0.0,0.0,0.0,0.0,0.0,0.0,0.0,0,0,0,400,1812,30,871,0,1621,2271,2190,85,1003,7210,3813,42,2308,7248,11868,0.00,1.00,0.00,0.00,0.00,0.00,0.00,1.00,0.00,0.00,0.00,1.00,0.00,0.00
2068,30,14,2457896.50,2.55,57,365,1931,966,3.4,36,367,5,90,98,0.33,0.23,0.44,0.0,0.0,13.3,0.0,0.0,0.0,3.3,63.3,0.0,0.0,0.0,0.0,20.0,0.0,0.0,184,8,0.5,0.0,0.0,0.0,0.0,0.0,0.0,0.0,0.0,0.0,0.0,0.0,0.0,0.0,0.0,1.0,0.0,0.0,0.0,0.0,0.0,0.0,0.0,0.0,0.0,0.0,0.0,0.0,0.0,0.0,0.0,0.0,0.0,0.0,0.0,0.0,1.0,0.0,0.0,0.0,0.0,0.0,0.0,0,0,0,310,700,0,301,108,1338,981,1652,95,120,4689,5130,42,1533,7454,16862,1.00,0.00,0.00,0.00,0.00,0.00,0.00,1.00,0.00,0.00,0.00,1.00,0.00,0.00
2082,30,7,2457915.50,2.31,60,240,1662,1389,6.8,59,333,4.7,95.5,116.3,0.18,0.23,0.59,0.0,0.0,96.7,0.0,0.0,0.0,3.3,0.0,0.0,0.0,0.0,0.0,0.0,0.0,0.0,737,32,0.4,0.0,0.0,0.0,0.0,0.0,0.0,0.0,0.0,0.0,0.0,0.0,0.0,0.0,0.0,0.0,0.0,0.1,0.0,1.4,0.0,0.0,0.0,0.0,0.0,0.0,0.0,0.0,0.0,0.0,0.0,0.0,0.0,0.0,0.0,0.4,0.0,0.0,0.0,0.0,0.1,0.0,0.0,0,0,0,260,1652,0,242,67,120,283,350,30,210,4646,258,42,120,10205,14438,0.00,0.00,1.00,0.00,0.00,0.00,0.00,0.00,0.00,1.00,0.00,1.00,0.00,0.00
2087,33,16,2457896.50,2.68,139,224,694,313,4.4,43,386,4.7,90.5,96.5,0.43,0.16,0.41,0.0,0.0,83.0,0.0,0.0,0.0,0.0,2.0,0.0,0.0,0.0,0.0,15.0,0.0,0.0,491,86,0.7,0.1,0.0,0.0,0.0,0.0,0.0,0.0,0.0,0.0,0.0,0.0,0.0,0.0,0.0,0.0,0.0,0.0,0.0,0.0,0.0,0.0,0.0,0.1,0.8,0.0,0.0,0.0,0.0,0.0,0.0,0.0,0.0,0.2,0.0,0.4,0.0,0.3,0.0,0.0,0.0,0.0,0.0,0,0,0,65,342,95,42,711,618,301,849,42,830,7418,2421,0,972,8494,15494,0.00,1.00,0.00,0.00,0.00,0.00,0.00,0.00,1.00,0.00,0.00,1.00,0.00,0.00
2088,27,6,2457915.50,2.02,134,135,5754,175,21.4,10,291,7.2,85.25,146.4,0.75,0.08,0.17,0.0,0.0,95.0,0.0,0.0,0.0,0.0,3.3,0.0,0.0,0.0,0.0,1.7,0.0,0.0,246,23,0.2,0.0,0.0,0.0,0.0,0.0,0.0,0.0,0.0,0.0,0.0,0.0,0.0,0.0,0.0,0.0,0.0,0.0,0.0,1.7,0.0,0.0,0.0,0.0,0.0,0.0,0.0,0.0,0.0,0.0,0.0,0.0,0.0,0.0,0.0,0.0,0.0,0.0,0.0,0.3,0.0,0.0,0.0,0,0,0,485,759,30,510,0,603,446,1055,60,108,3778,524,127,1019,7933,11849,1.00,0.00,0.00,0.00,0.00,0.00,0.00,1.00,0.00,0.00,0.00,1.00,0.00,0.00
2090,31,20,2457897.50,2.02,54,217,1502,921,5.8,31,291,4.9,92,87,0.47,0.13,0.40,0.0,0.0,94.7,0.0,0.0,0.0,2.0,0.0,0.0,0.0,0.0,0.0,3.3,0.0,0.0,491,12,0.7,0.8,0.0,0.0,0.0,0.0,0.0,0.0,0.0,0.0,0.0,0.0,0.0,0.0,0.0,0.0,0.0,0.0,0.0,0.0,0.0,0.0,0.0,0.0,0.5,0.0,0.0,0.0,0.0,0.0,0.0,0.0,0.4,0.0,0.0,0.0,0.0,0.0,0.0,0.0,0.3,0.0,0.0,0,0,0,300,1965,0,256,404,774,1224,1032,30,124,7995,2613,85,1189,6065,10667,0.00,0.00,1.00,0.00,0.00,0.00,0.00,0.00,0.00,1.00,0.00,1.00,0.00,0.00
2096,23,22,2457994.50,1.69,20,130,516,120,3.6,15,291,4.8,90,87,0.62,0.08,0.28,0.0,0.0,88.3,0.0,0.0,0.0,8.3,0.0,0.0,0.0,0.0,0.0,3.3,0.0,0.0,2947,41,0.1,0.0,0.0,0.0,0.0,0.0,0.0,0.0,0.0,0.0,0.0,0.0,0.0,0.0,0.0,0.0,0.0,0.0,0.0,0.0,0.0,0.0,0.0,0.0,1.9,0.0,0.0,0.0,0.0,0.0,0.0,0.0,0.0,0.0,0.0,0.0,0.0,0.0,0.0,0.0,0.1,0.0,0.0,0,0,0,360,162,0,362,30,323,872,1183,30,446,5861,664,120,693,2590,11396,0.00,0.00,1.00,0.00,0.00,0.00,0.00,0.00,0.00,1.00,0.00,0.00,1.00,0.00
2108,34,10,2457898.50,2.18,43,310,2531,1289,4.8,48,314,4.4,93,97.2,0.44,0.24,0.32,0.0,0.0,53.3,0.0,0.0,0.0,0.0,43.3,0.0,0.0,0.0,0.0,3.3,0.0,0.0,307,68,0.5,0.0,0.0,0.0,0.0,0.0,0.0,0.0,0.0,0.0,0.0,0.0,0.0,0.0,0.0,0.0,0.0,0.0,0.0,0.0,0.0,0.0,0.0,0.0,0.7,0.0,0.0,0.0,0.0,0.0,0.0,0.0,0.0,0.0,0.0,0.0,1.3,0.0,0.0,0.0,0.0,0.0,0.0,0,0,0,360,1470,0,360,108,366,1015,2550,124,120,7564,3662,30,1642,11067,17216,1.00,0.00,0.00,0.00,0.00,0.00,1.00,0.00,0.00,0.00,0.00,1.00,0.00,0.00
2109,19,27,2457998.50,2.36,46,114,655,283,2.7,13,340,5.1,75.5,93,0.53,0.11,0.46,0.0,0.0,93.0,0.0,0.0,0.0,3.3,0.0,0.0,0.0,0.0,0.0,3.7,0.0,0.0,1289,42,0.0,0.0,0.0,0.0,0.0,0.0,0.0,0.0,0.0,0.0,0.0,0.0,0.0,0.0,0.0,0.0,0.0,0.0,0.0,0.0,0.0,0.0,0.0,0.0,2.0,0.0,0.0,0.0,0.0,0.0,0.0,0.0,0.0,0.0,0.0,0.0,0.0,0.0,0.0,0.0,0.0,0.0,0.0,0,0,0,35,685,258,42,170,1048,469,666,0,60,8668,1283,210,1129,2620,9445,0.00,0.00,1.00,0.00,0.00,0.00,0.00,0.00,0.00,1.00,0.00,0.00,0.00,1.00
2135,32,10,2457888.50,2.94,152,282,1594,1040,11.2,29,423,4.8,90.0,103,0.39,0.22,0.39,0.0,0.0,65.0,0.0,0.0,0.0,16.7,0.0,0.0,0.0,0.0,0.0,18.3,0.0,0.0,737,17,0.7,0.0,0.0,0.0,0.0,0.0,0.0,0.0,0.0,0.0,0.0,0.0,0.0,0.0,0.0,0.0,0.0,0.0,0.0,0.9,0.0,0.0,0.0,0.0,0.3,0.0,0.0,0.0,0.0,0.0,0.0,0.0,0.0,0.4,0.0,0.0,0.0,0.3,0.0,0.0,0.0,0.0,0.0,0,0,0,355,1948,153,360,162,918,42,3485,108,930,5732,4146,0,1621,10546,17719,0.00,0.00,1.00,0.00,0.00,0.00,0.00,0.00,0.00,1.00,0.00,1.00,0.00,0.00
2141,33,16,2457896.50,2.68,80,111,154,128,2.3,29,386,4.3,91.5,68.5,0.65,0.07,0.28,0.0,0.0,90.0,0.0,0.0,0.0,0.0,1.7,0.0,0.0,0.0,0.0,8.3,0.0,0.0,368,19,0.7,0.7,0.0,0.0,0.0,0.0,0.0,0.0,0.0,0.0,0.0,0.0,0.0,0.0,0.0,0.0,0.0,0.0,0.0,0.3,0.0,0.0,0.0,0.3,0.7,0.0,0.0,0.0,0.0,0.0,0.0,0.0,0.0,0.0,0.0,0.0,0.0,0.0,0.0,0.0,0.0,0.0,0.0,0,0,0,380,1041,134,351,726,830,418,408,42,618,8094,1771,0,684,7844,14912,1.00,0.00,0.00,0.00,0.00,0.00,0.00,0.00,1.00,0.00,0.00,1.00,0.00,0.00
2153,28,9,2457898.50,2.68,70,172,638,389,3,28,386,4.6,93.75,114.2,0.42,0.14,0.44,0.0,0.0,90.0,0.0,0.0,0.0,0.0,0.0,0.0,0.0,0.0,0.0,10.0,0.0,0.0,675,36,0.7,0.0,0.0,0.0,0.0,0.0,0.0,0.0,0.0,0.0,0.9,0.0,0.0,0.0,0.0,0.0,0.0,0.0,0.0,0.0,0.0,0.0,0.0,0.0,0.3,0.0,0.0,0.0,0.3,0.0,0.0,0.0,0.0,0.0,0.0,0.0,0.4,0.0,0.0,0.0,0.0,0.0,0.0,0,0,0,405,979,0,371,218,845,285,1516,30,256,2455,2322,30,426,7915,14067,1.00,0.00,0.00,0.00,0.00,0.00,0.00,1.00,0.00,0.00,0.00,1.00,0.00,0.00
2158,29,14,2457889.50,2.68,60,346,2690,1385,4.7,58,386,4.6,82.5,79.2,0.52,0.21,0.27,0.0,0.0,66.7,0.0,0.0,0.0,0.0,0.0,0.0,0.0,0.0,0.0,0.0,0.0,0.0,491,122,0.3,0.0,0.0,0.0,0.0,0.0,0.0,0.0,0.0,0.0,0.0,0.0,0.0,0.0,0.0,0.0,0.0,0.0,0.0,0.4,0.0,0.0,0.0,0.0,1.6,0.0,0.0,0.0,0.0,0.0,0.0,0.0,0.0,0.0,0.0,0.0,0.0,0.0,0.0,0.0,0.0,0.0,0.0,0,0,0,60,361,95,42,212,750,882,808,0,576,4339,4330,30,808,6633,16611,0.00,0.00,1.00,0.00,0.00,0.00,0.00,0.00,0.00,1.00,0.00,1.00,0.00,0.00
2164,23,8,2457898.50,1.36,28,130,511,258,3.2,20,196,4.5,95.75,186.8,0.67,0.11,0.22,0.0,0.0,58.3,0.0,0.0,0.0,3.3,28.3,0.0,0.0,0.0,0.0,0.0,10.0,0.0,982,117,0.6,0.9,0.0,0.0,0.0,0.0,0.0,0.0,0.0,0.0,0.0,0.0,0.0,0.0,0.0,0.0,0.0,0.0,0.0,0.1,0.0,0.0,0.0,0.2,0.7,0.0,0.0,0.0,0.0,0.0,0.0,0.0,0.0,0.0,0.0,0.0,0.0,0.0,0.0,0.0,0.1,0.0,0.0,0,0,0,375,1084,30,433,124,1690,1515,1460,0,361,3481,2301,942,3586,5875,8939,0.00,1.00,0.00,0.00,0.00,0.00,0.00,1.00,0.00,0.00,0.00,1.00,0.00,0.00
2170,24,22,2457896.50,2.48,55,140,313,120,2.7,15,357,4.4,91.75,80,0.46,0.08,0.46,0.0,0.0,75.0,0.0,0.0,0.0,1.7,21.7,0.0,0.0,0.0,0.0,1.7,0.0,0.0,675,20,0.5,0.1,0.0,0.0,0.0,0.0,0.0,0.0,0.0,0.0,0.0,0.0,0.0,0.0,0.0,0.0,0.0,0.0,0.0,1.2,0.0,0.0,0.0,0.0,0.0,0.0,0.0,0.0,0.0,0.0,0.0,0.0,0.0,0.0,0.0,0.0,0.6,0.0,0.0,0.0,0.0,0.0,0.0,0,0,0,355,735,30,339,351,404,1380,636,212,488,6170,450,0,481,3565,10704,0.00,0.00,1.00,0.00,0.00,0.00,0.00,0.00,0.00,1.00,0.00,1.00,0.00,0.00
2171,24,19,2457892.50,2.68,128,192,1027,319,14.1,15,386,5.4,92.25,111,0.66,0.06,0.28,0.0,1.0,89.0,0.0,0.0,0.0,5.0,0.0,0.0,0.0,0.0,0.0,5.0,0.0,0.0,982,43,0.4,0.0,0.0,0.0,0.0,0.0,0.0,0.0,0.0,0.0,0.0,0.0,0.0,0.0,0.0,0.0,0.0,0.0,0.0,1.3,0.0,0.0,0.0,0.0,0.0,0.0,0.0,0.0,0.0,0.0,0.0,0.0,0.0,0.0,0.0,0.0,0.0,0.0,0.0,0.7,0.0,0.0,0.0,0,0,5,90,1431,30,182,0,306,400,283,85,240,2955,713,150,793,1860,13762,0.00,0.00,1.00,0.00,0.00,0.00,0.00,0.00,0.00,1.00,0.00,1.00,0.00,0.00
2202,23,8,2457889.50,2.02,27,91,579,160,2.1,10,291,4.3,92,177,0.64,0.08,0.28,0.0,0.0,98.3,0.0,0.0,0.0,0.0,1.7,0.0,0.0,0.0,0.0,0.0,0.0,0.0,1658,49,0.2,0.0,0.0,0.0,0.0,0.0,0.0,0.0,0.0,0.0,0.0,0.0,0.0,0.0,0.0,0.0,0.0,0.0,0.0,0.2,0.0,0.0,0.0,0.0,1.7,0.0,0.0,0.1,0.0,0.0,0.0,0.0,0.0,0.0,0.0,0.0,0.0,0.0,0.0,0.0,0.0,0.0,0.0,0,0,0,115,1142,150,153,108,1850,1290,1650,0,258,3185,2475,1092,3556,5943,9218,1.00,0.00,0.00,0.00,0.00,0.00,0.00,0.00,1.00,0.00,0.00,1.00,0.00,0.00
2219,24,24,2457920.50,3.21,76,289,2447,871,9.7,14,462,5.6,93.75,101,0.43,0.16,0.41,0.0,0.0,96.7,0.0,0.0,0.0,1.7,0.0,0.0,0.0,0.0,0.0,1.7,0.0,0.0,246,11,0.7,0.0,0.0,0.0,0.0,0.0,0.0,0.0,0.0,0.0,0.3,0.0,0.0,0.0,0.0,0.0,0.0,0.0,0.0,0.0,0.0,0.0,0.0,0.0,0.0,0.0,0.0,0.0,0.7,0.0,0.0,0.0,0.0,0.0,0.0,0.0,0.6,0.0,0.0,0.4,0.0,0.0,0.0,0,0,0,620,1411,30,624,0,840,1080,722,108,553,7457,679,212,616,4533,9501,0.00,0.00,1.00,0.00,0.00,0.00,0.00,0.00,0.00,1.00,0.00,1.00,0.00,0.00
2231,31,18,2457897.50,1.09,79,133,262,542,8.2,40,157,3.9,94.25,87,0.33,0.21,0.46,0.0,0.0,0.0,1.7,0.0,0.0,1.7,71.7,0.0,0.0,0.0,0.0,10.0,15.0,0.0,368,8,0.7,0.0,0.0,0.0,0.8,0.0,0.7,0.0,0.0,0.0,0.0,0.0,0.0,0.0,0.0,0.0,0.0,0.0,0.0,0.0,0.0,0.0,0.0,0.0,0.0,0.0,0.0,0.0,0.0,0.0,0.0,0.0,0.0,0.0,0.0,0.0,0.0,0.0,0.0,0.0,0.5,0.0,0.0,0,0,0,840,2333,792,1513,778,1803,2730,1790,895,1731,6851,4145,0,2941,7946,12785,0.00,1.00,0.00,0.00,0.00,0.00,1.00,0.00,0.00,0.00,0.00,1.00,0.00,0.00
2247,35,17,2457988.50,2.55,71,224,1959,1062,38.1,88,367,3.9,38.75,67,0.32,0.25,0.43,0.0,0.0,8.3,0.0,0.0,0.0,1.7,81.7,0.0,0.0,0.0,0.0,6.7,0.0,0.0,1289,44,0.0,0.0,0.0,0.0,0.0,0.0,0.0,0.0,0.0,0.0,0.0,0.0,0.0,0.0,0.0,0.0,0.0,0.0,0.0,0.0,0.0,0.0,0.0,0.0,0.0,0.0,0.0,0.0,0.0,0.0,0.0,0.0,0.0,0.0,0.0,0.0,0.0,0.0,2.0,0.0,0.0,0.0,0.0,0,0,0,380,828,560,618,566,371,1187,0,607,684,10704,685,30,1019,5246,13572,0.00,0.00,1.00,0.00,0.00,0.00,0.00,0.00,0.00,1.00,0.00,1.00,0.00,0.00
2255,30,6,2457876.50,2.4,76,177,650,421,3.5,31,346,4.3,97.75,95,0.62,0.12,0.26,0.0,0.0,100.0,0.0,0.0,0.0,0.0,0.0,0.0,0.0,0.0,0.0,0.0,0.0,0.0,737,16,0.8,0.1,0.0,0.0,0.0,0.0,0.0,0.0,0.0,0.0,0.0,0.0,0.0,0.0,0.0,0.0,0.0,0.0,0.0,0.6,0.0,0.0,0.0,0.0,0.1,0.0,0.0,0.0,0.6,0.0,0.1,0.0,0.0,0.5,0.0,0.0,0.0,0.0,0.0,0.0,0.0,0.0,0.0,0,0,0,295,1103,67,228,134,525,201,1050,60,108,5835,342,0,828,10425,15029,0.00,0.00,1.00,0.00,0.00,0.00,0.00,0.00,0.00,1.00,0.00,0.00,0.00,1.00
2257,33,11,2457991.50,2.94,62,232,4061,1476,11.2,47,423,5.4,94.75,88.9,0.47,0.19,0.35,0.0,0.0,45.0,0.0,0.0,0.0,0.0,26.7,0.0,0.0,0.0,0.0,1.7,26.7,0.0,430,41,0.7,0.2,0.0,0.0,0.0,0.0,0.2,0.0,0.0,0.0,0.0,0.0,0.0,0.0,0.0,0.0,0.0,0.0,0.0,0.3,0.0,0.0,0.0,0.0,0.0,0.0,0.0,0.0,0.0,0.0,0.0,0.0,0.0,0.5,0.0,0.9,0.0,0.0,0.0,0.0,0.0,0.0,0.0,0,0,0,405,2060,42,379,134,192,134,3173,67,933,6664,4354,0,711,10772,17874,0.00,1.00,0.00,0.00,0.00,0.00,0.00,0.00,1.00,0.00,0.00,1.00,0.00,0.00
2259,24,11,2457915.50,2.48,51,264,1046,525,10.6,23,357,4.5,36.26,146.4,0.54,0.17,0.29,0.0,0.0,93.3,0.0,0.0,0.0,1.7,0.0,0.0,0.0,0.0,0.0,5.0,0.0,0.0,614,43,0.6,0.0,0.0,0.0,0.0,0.0,0.0,0.0,0.0,0.0,0.2,0.0,0.0,0.0,0.0,0.0,0.0,0.0,0.0,0.2,0.0,0.0,0.0,0.0,1.0,0.0,0.0,0.0,0.0,0.0,0.0,0.0,0.0,0.0,0.0,0.0,0.5,0.0,0.0,0.0,0.0,0.0,0.0,0,0,0,20,1399,150,42,60,1664,1045,830,0,469,1801,3078,816,2312,4082,10874,1.00,0.00,0.00,0.00,0.00,0.00,0.00,1.00,0.00,0.00,1.00,0.00,0.00,0.00
3094,27,27,2457982.50,2.1,74,215,2348,1060,9.8,47,302,5,49,94.7,0.29,0.25,0.46,0.0,0.0,43.3,1.7,0.0,0.0,0.0,46.7,0.0,0.0,0.0,0.0,8.3,0.0,0.0,123,1,0.0,0.0,0.0,0.0,0.0,0.0,0.0,0.0,0.0,0.0,0.0,0.0,0.0,0.0,0.0,2.0,0.0,0.0,0.0,0.0,0.0,0.0,0.0,0.0,0.0,0.0,0.0,0.0,0.0,0.0,0.0,0.0,0.0,0.0,0.0,0.0,0.0,0.0,0.0,0.0,0.0,0.0,0.0,0,0,0,10,726,30,30,524,794,424,1413,0,180,4572,395,134,421,3403,6166,0.00,0.00,1.00,0.00,0.00,0.00,0.00,0.00,0.00,1.00,0.00,0.00,1.00,0.00